contig	position	variantID	refAllele	refCount	altAllele	altCount	totalCount	altRatio	if_Indel	if_SV	if_SNP	if_biallelic	lowMAPQDepth	lowBaseQDepth	rawDepth	otherCount
21	15516948	rs2822432	C	1	T	0	1	0.0	N	N	Y	Y	0	0	1	0	
21	15744767	rs11088017	G	28	A	36	64	0.5625	N	N	Y	Y	0	0	64	0	
21	15868238	rs1735230	T	1	C	1	2	0.5	N	N	Y	Y	0	0	2	0	
21	16334963	rs2822988	T	8	G	9	17	0.5294117647058824	N	N	Y	Y	0	0	17	0	
21	16335515	rs1041403	C	9	T	9	18	0.5	N	N	Y	Y	0	0	18	0	
21	16336804	rs1056930	T	3	C	6	9	0.6666666666666666	N	N	Y	Y	0	0	9	0	
21	16339852	rs139263261	T	6	C	4	10	0.4	N	N	Y	Y	0	0	10	0	
21	16340289	rs2229741	C	3	T	1	4	0.25	N	N	Y	Y	0	0	4	0	
21	18885168	rs2739389	A	0	G	0	0	0	NA	NA	NA	NA	0	0	0	0	
21	19161403	rs243606	A	9	G	9	18	0.5	N	N	Y	Y	0	0	18	0	
21	19161515	rs243607	A	13	G	7	20	0.35	N	N	Y	Y	0	0	20	0	
21	19161548	rs243608	C	14	T	15	29	0.5172413793103449	N	N	Y	Y	0	0	29	0	
21	19161689	rs243609	C	25	T	19	44	0.4318181818181818	N	N	Y	Y	0	0	44	0	
21	19163803	rs2257906	T	9	C	8	17	0.47058823529411764	N	N	Y	Y	0	0	17	0	
21	19165090	rs1352601	C	8	T	3	11	0.2727272727272727	N	N	Y	Y	0	0	11	0	
21	19169155	rs1047978	G	20	C	17	37	0.4594594594594595	N	N	Y	Y	0	0	37	0	
21	26978950	rs3989369	A	48	G	62	110	0.5636363636363636	N	N	Y	Y	0	0	110	0	
21	27012088	rs118115569	C	0	A	0	0	0	NA	NA	NA	NA	0	0	0	0	
21	27097053	rs73161764	G	0	T	1	1	1.0	N	N	Y	Y	0	0	1	0	
21	27097458	rs11909995	G	0	A	0	0	0	NA	NA	NA	NA	0	0	0	0	
21	30244800	rs15988	A	3	G	6	9	0.6666666666666666	N	N	Y	Y	0	0	9	0	
21	30244860	rs1048547	T	2	C	1	3	0.3333333333333333	N	N	Y	Y	0	0	3	0	
21	30244877	rs1048546	T	2	G	2	4	0.5	N	N	Y	Y	0	0	4	0	
21	30244968	rs9983960	T	3	C	2	5	0.4	N	N	Y	Y	0	0	5	0	
21	30245239	rs2065266	T	6	C	0	6	0.0	N	N	Y	Y	0	0	6	0	
21	30245374	rs2065269	T	4	C	6	10	0.6	N	N	Y	Y	0	0	10	0	
21	30245718	rs62222205	T	3	C	0	3	0.0	N	N	Y	Y	0	0	3	0	
21	30245824	rs62222206	T	5	C	1	6	0.16666666666666666	N	N	Y	Y	0	0	6	0	
21	30245894	rs75122525	G	7	A	4	11	0.36363636363636365	N	N	Y	Y	0	0	11	0	
21	30245965	rs62222207	C	4	T	2	6	0.3333333333333333	N	N	Y	Y	0	0	6	0	
21	30246881	rs4638873	G	2	A	1	3	0.3333333333333333	N	N	Y	Y	0	0	3	0	
21	30247241	rs62222237	A	5	G	1	6	0.16666666666666666	N	N	Y	Y	0	0	6	0	
21	30247533	rs62222238	C	8	T	2	10	0.2	N	N	Y	Y	0	0	10	0	
21	30247628	rs62222239	C	10	T	2	12	0.16666666666666666	N	N	Y	Y	0	0	12	0	
21	30247858	rs2150395	G	1	C	2	3	0.6666666666666666	N	N	Y	Y	0	0	3	0	
21	30247893	rs76350217	C	2	G	4	6	0.6666666666666666	N	N	Y	Y	0	0	6	0	
21	30247894	rs74686211	T	2	A	4	6	0.6666666666666666	N	N	Y	Y	0	0	6	0	
21	30248353	rs62222240	C	1	T	1	2	0.5	N	N	Y	Y	0	0	2	0	
21	30255347	rs61735765	C	6	A	10	16	0.625	N	N	Y	Y	0	0	16	0	
21	30341891	rs2254796	A	3	G	8	11	0.7272727272727273	N	N	Y	Y	0	0	11	0	
21	30378090	rs11170	C	1	T	2	3	0.6666666666666666	N	N	Y	Y	0	0	3	0	
21	30425212	rs56404428	C	1	T	0	1	0.0	N	N	Y	Y	0	0	1	0	
21	30547602	rs2832236	A	3	G	4	7	0.5714285714285714	N	N	Y	Y	0	0	7	0	
21	31803210	rs1539784	C	1	T	0	1	0.0	N	N	Y	Y	0	0	1	0	
21	32492492	rs2070409	T	0	C	1	1	1.0	N	N	Y	Y	0	0	1	0	
21	32492670	rs111620734	G	2	A	2	4	0.5	N	N	Y	Y	0	0	4	0	
21	32493031	rs762194	A	0	G	3	3	1.0	N	N	Y	Y	0	0	3	0	
21	33641152	rs8129993	A	26	G	23	49	0.46938775510204084	N	N	Y	Y	0	0	49	0	
21	33949059	rs7520	G	1	A	0	1	0.0	N	N	Y	Y	0	0	1	0	
21	33949822	rs2833912	G	0	A	0	0	0	NA	NA	NA	NA	0	0	0	0	
21	33951068	rs9622	T	1	C	0	1	0.0	N	N	Y	Y	0	0	1	0	
21	33975279	rs2833926	T	2	C	3	5	0.6	N	N	Y	Y	0	0	5	0	
21	34001496	rs13554	G	2	A	2	4	0.5	N	N	Y	Y	0	0	4	0	
21	34059352	rs2254562	T	1	C	1	2	0.5	N	N	Y	Y	0	0	2	0	
21	34144545	rs11910271	A	0	G	2	2	1.0	N	N	Y	Y	0	0	2	0	
21	34163431	rs2833955	A	0	T	1	1	1.0	N	N	Y	Y	0	0	1	0	
21	34163742	rs2833956	A	0	G	0	0	0	NA	NA	NA	NA	0	0	0	0	
21	34165779	rs4817501	A	0	G	0	0	0	NA	NA	NA	NA	0	0	0	0	
21	34165864	rs2231391	C	0	A	0	0	0	NA	NA	NA	NA	0	0	0	0	
21	34166343	rs2231390	C	0	T	0	0	0	NA	NA	NA	NA	0	0	0	0	
21	34170535	rs13050778	C	0	T	0	0	0	NA	NA	NA	NA	0	0	0	0	
21	34602246	rs9975738	T	3	G	8	11	0.7272727272727273	N	N	Y	Y	0	0	11	0	
21	34668747	rs3171425	A	63	G	48	111	0.43243243243243246	N	N	Y	Y	0	0	111	0	
21	34668976	rs8178562	G	42	A	46	88	0.5227272727272727	N	N	Y	Y	0	0	89	1	
21	34696867	rs16997869	C	3	T	2	5	0.4	N	N	Y	Y	0	0	5	0	
21	34775434	rs8134145	A	0	C	0	0	0	NA	NA	NA	NA	0	0	0	0	
21	34775444	rs8126756	T	0	C	0	0	0	NA	NA	NA	NA	0	0	0	0	
21	34775721	rs17882748	T	0	C	0	0	0	NA	NA	NA	NA	0	0	0	0	
21	34787312	rs9808753	A	89	G	94	183	0.5136612021857924	N	N	Y	Y	0	0	183	0	
21	34925263	rs148591619	A	63	G	58	121	0.4793388429752066	N	N	Y	Y	0	0	121	0	
21	35281183	rs2040113	G	1	A	0	1	0.0	N	N	Y	Y	0	0	1	0	
21	35281393	rs4591	A	409	G	492	901	0.5460599334073252	N	N	Y	Y	0	0	903	2	
21	35284683	rs78234759	A	273	G	246	519	0.47398843930635837	N	N	Y	Y	0	0	521	2	
21	35471815	rs2211792	T	11	C	10	21	0.47619047619047616	N	N	Y	Y	0	0	21	0	
21	35472847	rs28570507	A	13	G	10	23	0.43478260869565216	N	N	Y	Y	0	0	23	0	
21	35474410	rs2244724	G	24	A	13	37	0.35135135135135137	N	N	Y	Y	0	0	37	0	
21	35478063	rs9984245	G	36	T	47	83	0.5662650602409639	N	N	Y	Y	0	0	83	0	
21	35496764	rs9976762	A	2	G	0	2	0.0	N	N	Y	Y	0	0	2	0	
21	35515117	rs7115	G	139	A	133	272	0.4889705882352941	N	N	Y	Y	0	0	272	0	
21	37410469	rs199557111	C	7	T	4	11	0.36363636363636365	N	N	Y	Y	0	0	11	0	
21	37431719	rs11701298	T	0	C	0	0	0	NA	NA	NA	NA	0	0	0	0	
21	37432219	rs73370463	A	0	G	0	0	0	NA	NA	NA	NA	0	0	0	0	
21	37633391	rs138802297	G	0	A	0	0	0	NA	NA	NA	NA	0	0	0	0	
21	37633532	rs60033670	G	0	A	0	0	0	NA	NA	NA	NA	0	0	0	0	
21	37633823	rs4174	T	0	C	0	0	0	NA	NA	NA	NA	0	0	0	0	
21	37633878	rs2284634	T	0	C	0	0	0	NA	NA	NA	NA	0	0	0	0	
21	37759957	rs62229404	C	29	T	18	47	0.3829787234042553	N	N	Y	Y	0	0	47	0	
21	38308911	rs1065758	G	6	A	5	11	0.45454545454545453	N	N	Y	Y	0	0	11	0	
21	38436944	rs17229045	G	2	A	0	2	0.0	N	N	Y	Y	0	0	2	0	
21	38437763	rs7337	C	4	G	4	8	0.5	N	N	Y	Y	0	0	8	0	
21	38454339	rs9976621	G	2	A	0	2	0.0	N	N	Y	Y	0	0	2	0	
21	38454456	rs9977232	T	1	C	1	2	0.5	N	N	Y	Y	0	0	2	0	
21	38455153	rs11701556	A	0	G	0	0	0	NA	NA	NA	NA	0	0	0	0	
21	38455324	rs2835574	C	0	A	2	2	1.0	N	N	Y	Y	0	0	2	0	
21	38455936	rs2835575	A	0	G	3	3	1.0	N	N	Y	Y	0	0	3	0	
21	38455999	rs28666643	T	0	G	1	1	1.0	N	N	Y	Y	0	0	1	0	
21	38512956	rs1133001	A	20	G	19	39	0.48717948717948717	N	N	Y	Y	0	0	40	1	
21	38525356	rs1053808	T	38	C	23	61	0.3770491803278688	N	N	Y	Y	0	0	61	0	
21	38563725	rs2835655	G	28	A	17	45	0.37777777777777777	N	N	Y	Y	0	0	45	0	
21	38568009	rs1053966	G	40	C	40	80	0.5	N	N	Y	Y	0	0	80	0	
21	38568308	rs6579	C	60	T	53	113	0.4690265486725664	N	N	Y	Y	0	0	113	0	
21	38574018	rs1053984	C	77	T	34	111	0.3063063063063063	N	N	Y	Y	0	0	111	0	
21	38574674	rs1063948	C	70	G	46	116	0.39655172413793105	N	N	Y	Y	0	0	116	0	
21	38574675	rs1063949	T	70	C	47	117	0.4017094017094017	N	N	Y	Y	0	0	117	0	
21	38574680	rs9982	T	66	C	45	111	0.40540540540540543	N	N	Y	Y	0	0	112	1	
21	38596677	rs1128922	G	33	A	44	77	0.5714285714285714	N	N	Y	Y	0	0	77	0	
21	38598576	rs2186337	T	0	C	2	2	1.0	N	N	Y	Y	0	0	2	0	
21	38599440	rs2027601	T	1	G	1	2	0.5	N	N	Y	Y	0	0	2	0	
21	38791581	rs2835726	A	0	C	1	1	1.0	N	N	Y	Y	0	0	1	0	
21	38791763	rs2835728	T	0	C	0	0	0	NA	NA	NA	NA	0	0	0	0	
21	38792077	rs2835729	A	0	T	1	1	1.0	N	N	Y	Y	0	0	1	0	
21	38885442	rs1803439	A	32	G	34	66	0.5151515151515151	N	N	Y	Y	0	0	66	0	
21	38888744	rs2236686	G	1	A	1	2	0.5	N	N	Y	Y	0	0	2	0	
21	40190443	rs115786160	C	4	T	3	7	0.42857142857142855	N	N	Y	Y	0	0	8	1	
21	40549466	rs14194	T	109	C	117	226	0.5176991150442478	N	N	Y	Y	0	0	226	0	
21	40555351	rs13052882	G	8	C	25	33	0.7575757575757576	N	N	Y	Y	0	0	33	0	
21	40562165	rs2297257	A	0	T	1	1	1.0	N	N	Y	Y	0	0	1	0	
21	40564202	rs2836933	C	1	G	1	2	0.5	N	N	Y	Y	0	0	2	0	
21	40564464	rs2410104	T	1	C	3	4	0.75	N	N	Y	Y	0	0	4	0	
21	40566067	rs3945	A	3	G	2	5	0.4	N	N	Y	Y	0	0	5	0	
21	40567716	rs1065242	C	5	G	5	10	0.5	N	N	Y	Y	0	0	10	0	
21	40571246	rs1041439	A	4	G	3	7	0.42857142857142855	N	N	Y	Y	0	0	7	0	
21	40584598	rs6517529	C	3	T	6	9	0.6666666666666666	N	N	Y	Y	0	0	9	0	
21	40652142	rs2836972	G	0	A	2	2	1.0	N	N	Y	Y	0	0	2	0	
21	40714478	rs3167757	C	456	T	275	731	0.3761969904240766	N	N	Y	Y	0	0	731	0	
21	40720494	rs34613278	C	195	T	184	379	0.48548812664907653	N	N	Y	Y	0	0	379	0	
21	40793911	rs2837020	C	0	T	1	1	1.0	N	N	Y	Y	0	0	1	0	
21	40800371	rs2837029	C	1	T	0	1	0.0	N	N	Y	Y	0	0	1	0	
21	40807360	rs2837034	T	0	C	0	0	0	NA	NA	NA	NA	0	0	0	0	
21	42622786	rs1046210	C	7	T	5	12	0.4166666666666667	N	N	Y	Y	0	0	12	0	
21	42647821	rs12149	C	1	T	3	4	0.75	N	N	Y	Y	0	0	4	0	
21	42717662	rs417708	T	0	C	0	0	0	NA	NA	NA	NA	0	0	0	0	
21	43160582	rs187507566	G	0	A	1	1	1.0	N	N	Y	Y	0	0	1	0	
21	43161252	rs35537517	G	0	A	1	1	1.0	N	N	Y	Y	0	0	1	0	
21	43218864	rs1054756	G	14	T	15	29	0.5172413793103449	N	N	Y	Y	0	0	29	0	
21	43220724	rs2838127	G	3	C	2	5	0.4	N	N	Y	Y	0	0	5	0	
21	43221826	rs2236696	T	4	C	5	9	0.5555555555555556	N	N	Y	Y	0	0	9	0	
21	43305435	rs3168	C	12	T	4	16	0.25	N	N	Y	Y	0	0	16	0	
21	43444731	rs3737429	C	0	T	1	1	1.0	N	N	Y	Y	0	0	1	0	
21	43540955	rs35048950	C	0	T	0	0	0	NA	NA	NA	NA	0	0	0	0	
21	43716901	rs1044317	A	11	G	8	19	0.42105263157894735	N	N	Y	Y	0	0	19	0	
21	43792665	rs225309	T	17	C	42	59	0.711864406779661	N	N	Y	Y	0	0	59	0	
21	43803412	rs8129105	T	2	C	1	3	0.3333333333333333	N	N	Y	Y	0	0	3	0	
21	43854985	rs17114925	A	2	C	5	7	0.7142857142857143	N	N	Y	Y	0	0	7	0	
21	43855315	rs78222996	C	0	A	0	0	0	NA	NA	NA	NA	0	0	0	0	
21	43863521	rs868092	A	1	G	4	5	0.8	N	N	Y	Y	0	0	5	0	
21	43892641	rs2839531	T	3	C	0	3	0.0	N	N	Y	Y	0	0	3	0	
21	43905327	rs2839535	C	1	T	0	1	0.0	N	N	Y	Y	0	0	1	0	
21	43934148	rs111991358	T	0	G	0	0	0	NA	NA	NA	NA	0	0	0	0	
21	44269654	rs2156314	C	17	T	11	28	0.39285714285714285	N	N	Y	Y	0	0	28	0	
21	44269743	rs7281655	A	11	G	22	33	0.6666666666666666	N	N	Y	Y	0	0	33	0	
21	44269860	rs60406170	A	11	C	22	33	0.6666666666666666	N	N	Y	Y	0	0	33	0	
21	44270229	rs6586250	C	19	T	25	44	0.5681818181818182	N	N	Y	Y	0	0	44	0	
21	44273858	rs15736	G	20	A	8	28	0.2857142857142857	N	N	Y	Y	0	0	28	0	
21	44293744	rs2248490	C	25	G	16	41	0.3902439024390244	N	N	Y	Y	0	0	41	0	
21	44299324	rs8127072	G	2	C	1	3	0.3333333333333333	N	N	Y	Y	0	0	3	0	
21	44323590	rs4148973	T	16	G	4	20	0.2	N	N	Y	Y	0	0	20	0	
21	44323720	rs4148974	C	14	T	10	24	0.4166666666666667	N	N	Y	Y	0	0	24	0	
21	44324365	rs10595	G	22	A	11	33	0.3333333333333333	N	N	Y	Y	0	0	33	0	
21	44517755	rs4919962	G	3	A	1	4	0.25	N	N	Y	Y	0	0	4	0	
21	44517758	rs4919963	G	3	A	1	4	0.25	N	N	Y	Y	0	0	4	0	
21	44517914	rs1060112	C	4	T	6	10	0.6	N	N	Y	Y	0	0	10	0	
21	44518028	rs1060111	G	8	A	1	9	0.1111111111111111	N	N	Y	Y	0	0	9	0	
21	44518691	rs2839635	C	2	G	5	7	0.7142857142857143	N	N	Y	Y	0	0	7	0	
21	44846016	rs3746951	C	5	T	3	8	0.375	N	N	Y	Y	0	0	8	0	
21	45078035	rs2838343	C	1	T	0	1	0.0	N	N	Y	Y	0	0	1	0	
21	45106529	rs75256960	T	0	G	0	0	0	NA	NA	NA	NA	0	0	0	0	
21	45175958	rs7527	T	47	C	44	91	0.4835164835164835	N	N	Y	Y	0	0	91	0	
21	45385907	rs2000787	A	5	G	2	7	0.2857142857142857	N	N	Y	Y	0	0	7	0	
21	45386033	rs2000788	A	2	G	2	4	0.5	N	N	Y	Y	0	0	4	0	
21	45386559	rs6518340	T	3	C	5	8	0.625	N	N	Y	Y	0	0	8	0	
21	45387008	rs4819354	T	3	C	3	6	0.5	N	N	Y	Y	0	0	6	0	
21	45387109	rs6518342	A	2	G	3	5	0.6	N	N	Y	Y	0	0	5	0	
21	45643396	rs2298565	G	33	C	24	57	0.42105263157894735	N	N	Y	Y	0	0	57	0	
21	45646010	rs1008537	G	12	T	12	24	0.5	N	N	Y	Y	0	0	24	0	
21	45646131	rs9976552	C	14	T	12	26	0.46153846153846156	N	N	Y	Y	0	0	26	0	
21	45646256	rs4818890	C	9	A	16	25	0.64	N	N	Y	Y	0	0	25	0	
21	45647202	rs4819387	C	7	T	22	29	0.7586206896551724	N	N	Y	Y	0	0	29	0	
21	45647646	rs15927	C	18	T	21	39	0.5384615384615384	N	N	Y	Y	0	0	39	0	
21	45647834	rs117576800	G	7	A	2	9	0.2222222222222222	N	N	Y	Y	0	0	9	0	
21	45648488	rs3804033	G	22	C	16	38	0.42105263157894735	N	N	Y	Y	0	0	38	0	
21	45656774	rs11558819	C	32	T	0	32	0.0	N	N	Y	Y	0	0	32	0	
21	45741359	rs2298692	T	1	C	0	1	0.0	N	N	Y	Y	0	0	1	0	
21	45749141	rs79299307	T	4	C	2	6	0.3333333333333333	N	N	Y	Y	0	0	6	0	
21	46189094	rs79419717	C	36	T	29	65	0.4461538461538462	N	N	Y	Y	0	0	65	0	
21	46189230	rs8103	A	61	T	79	140	0.5642857142857143	N	N	Y	Y	0	0	140	0	
21	46189651	rs760431	A	61	C	58	119	0.48739495798319327	N	N	Y	Y	0	0	119	0	
21	46189652	rs760432	G	61	A	59	120	0.49166666666666664	N	N	Y	Y	0	0	120	0	
21	46190182	rs235356	A	57	T	43	100	0.43	N	N	Y	Y	0	0	100	0	
21	46190410	rs1071792	G	36	A	28	64	0.4375	N	N	Y	Y	0	0	64	0	
21	46190842	rs2838678	A	54	G	45	99	0.45454545454545453	N	N	Y	Y	0	0	99	0	
21	46191174	rs1060564	A	43	G	58	101	0.5742574257425742	N	N	Y	Y	0	0	102	1	
21	46191256	rs4818975	C	59	A	54	113	0.4778761061946903	N	N	Y	Y	0	0	113	0	
21	46191270	rs11569	C	55	T	51	106	0.4811320754716981	N	N	Y	Y	0	0	106	0	
21	46194281	rs235358	A	3	T	15	18	0.8333333333333334	N	N	Y	Y	0	0	18	0	
21	46195243	rs235360	A	12	G	11	23	0.4782608695652174	N	N	Y	Y	0	0	23	0	
21	46306138	rs1160263	G	241	T	0	241	0.0	N	N	Y	Y	0	0	241	0	
21	46313442	rs2230529	G	117	T	123	240	0.5125	N	N	Y	Y	0	0	240	0	
21	46352939	rs62214490	G	0	A	0	0	0	NA	NA	NA	NA	0	0	0	0	
21	46353062	rs7277732	G	0	A	0	0	0	NA	NA	NA	NA	0	0	0	0	
21	46353125	rs7278847	C	4	G	2	6	0.3333333333333333	N	N	Y	Y	0	0	6	0	
21	46353312	rs7283236	A	9	G	17	26	0.6538461538461539	N	N	Y	Y	0	0	26	0	
21	46353637	rs7278544	T	6	C	12	18	0.6666666666666666	N	N	Y	Y	0	0	18	0	
21	46353678	rs7282201	G	8	A	12	20	0.6	N	N	Y	Y	0	0	20	0	
21	46353743	rs80246834	T	11	C	5	16	0.3125	N	N	Y	Y	0	0	16	0	
21	46353949	rs12483718	C	7	G	5	12	0.4166666666666667	N	N	Y	Y	0	0	12	0	
21	46354055	rs9974172	A	9	G	11	20	0.55	N	N	Y	Y	0	0	20	0	
21	46355710	rs11088971	A	12	G	8	20	0.4	N	N	Y	Y	0	0	20	0	
21	46393090	rs3827260	C	0	T	1	1	1.0	N	N	Y	Y	0	0	1	0	
21	46915042	rs2236475	A	0	G	0	0	0	NA	NA	NA	NA	0	0	0	0	
21	46926054	rs2236483	T	1	C	0	1	0.0	N	N	Y	Y	0	0	1	0	
21	46926297	rs2838950	C	2	T	0	2	0.0	N	N	Y	Y	0	0	2	0	
21	46926684	rs73907568	A	0	G	0	0	0	NA	NA	NA	NA	0	0	0	0	
21	46926699	rs115872045	C	0	T	0	0	0	NA	NA	NA	NA	0	0	0	0	
21	46926703	rs114416154	G	0	A	0	0	0	NA	NA	NA	NA	0	0	0	0	
21	46927013	rs12482195	C	1	T	0	1	0.0	N	N	Y	Y	0	0	1	0	
21	46927094	rs375666646	C	0	T	0	0	0	NA	NA	NA	NA	0	0	0	0	
21	46929467	rs1050351	G	0	A	1	1	1.0	N	N	Y	Y	0	0	1	0	
21	46932328	rs7499	G	1	A	2	3	0.6666666666666666	N	N	Y	Y	0	0	3	0	
21	47608580	rs2968	G	3	A	2	5	0.4	N	N	Y	Y	0	0	5	0	
21	47608877	rs56173768	C	0	A	0	0	0	NA	NA	NA	NA	0	0	0	0	
21	47609510	rs9717	T	73	C	65	138	0.47101449275362317	N	N	Y	Y	0	0	138	0	
21	47609677	rs914247	A	70	G	84	154	0.5454545454545454	N	N	Y	Y	0	0	154	0	
21	47610066	rs2330408	T	46	C	34	80	0.425	N	N	Y	Y	0	0	80	0	
21	47614469	rs2254524	A	38	C	44	82	0.5365853658536586	N	N	Y	Y	0	0	82	0	
21	47635627	rs9980968	C	40	G	38	78	0.48717948717948717	N	N	Y	Y	0	0	78	0	
21	47676711	rs2839173	G	34	A	40	74	0.5405405405405406	N	N	Y	Y	0	0	74	0	
21	47706297	rs2298699	C	12	A	6	18	0.3333333333333333	N	N	Y	Y	0	0	18	0	
21	47706535	rs17176110	C	1	A	2	3	0.6666666666666666	N	N	Y	Y	0	0	3	0	
21	47721228	rs11089057	T	10	A	7	17	0.4117647058823529	N	N	Y	Y	0	0	17	0	
21	47734659	rs13047478	G	7	A	5	12	0.4166666666666667	N	N	Y	Y	0	0	12	0	
21	47773103	rs2249057	C	9	A	7	16	0.4375	N	N	Y	Y	0	0	16	0	
21	47811272	rs3737438	C	9	T	12	21	0.5714285714285714	N	N	Y	Y	0	0	21	0	
21	47836651	rs200610141	G	5	A	7	12	0.5833333333333334	N	N	Y	Y	0	0	12	0	
21	47836653	rs2070425	C	7	T	4	11	0.36363636363636365	N	N	Y	Y	0	0	11	0	
21	47850484	rs2070426	G	6	C	17	23	0.7391304347826086	N	N	Y	Y	0	0	23	0	
21	47851753	rs2073376	A	19	G	16	35	0.45714285714285713	N	N	Y	Y	0	0	35	0	
21	47863757	rs2073380	A	19	C	17	36	0.4722222222222222	N	N	Y	Y	0	0	36	0	
