geneID	transcriptID	snp_window	Unnamed: 0	chr	chrN	pos	transcript_pos	SNP_id	genotype	rsid	AF	contig	position	variantID	refCount	altCount	totalCount	altRatio	if_Indel	if_SV	if_SNP	if_biallelic
ENSG00000141956.9	ENST00000398548.1	0	1179	chr21	21	43220724	3833	rs2838127	0|1	rs2838127	0.669	21	43220724	rs2838127	3	2	5	0.4	N	N	Y	Y
ENSG00000141956.9	ENST00000398548.1	24	1178	chr21	21	43218864	5693	rs1054756	1|0	rs1054756	0.1113	21	43218864	rs1054756	14	15	29	0.5172413793103449	N	N	Y	Y
ENSG00000141956.9	ENST00000422911.1	0	1171	chr21	21	43220724	3893	rs2838127	0|1	rs2838127	0.669	21	43220724	rs2838127	3	2	5	0.4	N	N	Y	Y
ENSG00000141956.9	ENST00000422911.1	24	1170	chr21	21	43218864	5753	rs1054756	1|0	rs1054756	0.1113	21	43218864	rs1054756	14	15	29	0.5172413793103449	N	N	Y	Y
ENSG00000141956.9	ENST00000433067.1	0	1180	chr21	21	43220724	4829	rs2838127	0|1	rs2838127	0.669	21	43220724	rs2838127	3	2	5	0.4	N	N	Y	Y
ENSG00000141956.9	ENST00000433067.1	5	1181	chr21	21	43218864	5249	rs1054756	1|0	rs1054756	0.1113	21	43218864	rs1054756	14	15	29	0.5172413793103449	N	N	Y	Y
ENSG00000141956.9	ENST00000441787.1	0	1174	chr21	21	43221826	3087	rs2236696	0|1	rs2236696	0.6978	21	43221826	rs2236696	4	5	9	0.5555555555555556	N	N	Y	Y
ENSG00000141956.9	ENST00000441787.1	14	1173	chr21	21	43220724	4189	rs2838127	0|1	rs2838127	0.669	21	43220724	rs2838127	3	2	5	0.4	N	N	Y	Y
ENSG00000141956.9	ENST00000441787.1	39	1172	chr21	21	43218864	6049	rs1054756	1|0	rs1054756	0.1113	21	43218864	rs1054756	14	15	29	0.5172413793103449	N	N	Y	Y
ENSG00000141956.9	ENST00000447016.2	0	1168	chr21	21	43220724	3697	rs2838127	0|1	rs2838127	0.669	21	43220724	rs2838127	3	2	5	0.4	N	N	Y	Y
ENSG00000141956.9	ENST00000447016.2	5	1169	chr21	21	43218864	4117	rs1054756	1|0	rs1054756	0.1113	21	43218864	rs1054756	14	15	29	0.5172413793103449	N	N	Y	Y
ENSG00000141956.9	ENST00000449395.1	0	1177	chr21	21	43221826	3207	rs2236696	0|1	rs2236696	0.6978	21	43221826	rs2236696	4	5	9	0.5555555555555556	N	N	Y	Y
ENSG00000141956.9	ENST00000449395.1	14	1176	chr21	21	43220724	4309	rs2838127	0|1	rs2838127	0.669	21	43220724	rs2838127	3	2	5	0.4	N	N	Y	Y
ENSG00000141956.9	ENST00000449395.1	39	1175	chr21	21	43218864	6169	rs1054756	1|0	rs1054756	0.1113	21	43218864	rs1054756	14	15	29	0.5172413793103449	N	N	Y	Y
ENSG00000141956.9	ENST00000465955.1	0	1183	chr21	21	43221826	462	rs2236696	0|1	rs2236696	0.6978	21	43221826	rs2236696	4	5	9	0.5555555555555556	N	N	Y	Y
ENSG00000141956.9	ENST00000470586.1	0	1161	chr21	21	43221826	659	rs2236696	0|1	rs2236696	0.6978	21	43221826	rs2236696	4	5	9	0.5555555555555556	N	N	Y	Y
ENSG00000141956.9	ENST00000470586.1	10	1162	chr21	21	43220724	1468	rs2838127	0|1	rs2838127	0.669	21	43220724	rs2838127	3	2	5	0.4	N	N	Y	Y
ENSG00000141956.9	ENST00000470586.1	16	1163	chr21	21	43218864	1888	rs1054756	1|0	rs1054756	0.1113	21	43218864	rs1054756	14	15	29	0.5172413793103449	N	N	Y	Y
ENSG00000141956.9	ENST00000477633.1	0	1184	chr21	21	43221826	455	rs2236696	0|1	rs2236696	0.6978	21	43221826	rs2236696	4	5	9	0.5555555555555556	N	N	Y	Y
ENSG00000141956.9	ENST00000486812.1	0	1166	chr21	21	43221826	5155	rs2236696	0|1	rs2236696	0.6978	21	43221826	rs2236696	4	5	9	0.5555555555555556	N	N	Y	Y
ENSG00000141956.9	ENST00000486812.1	14	1165	chr21	21	43220724	6257	rs2838127	0|1	rs2838127	0.669	21	43220724	rs2838127	3	2	5	0.4	N	N	Y	Y
ENSG00000141956.9	ENST00000486812.1	20	1167	chr21	21	43218864	6677	rs1054756	1|0	rs1054756	0.1113	21	43218864	rs1054756	14	15	29	0.5172413793103449	N	N	Y	Y
ENSG00000141959.12	ENST00000460521.1	0	1539	chr21	21	45741359	900	rs2298692	0|1	rs2298692	0.825	21	45741359	rs2298692	1	0	1	0.0	N	N	Y	Y
ENSG00000141959.12	ENST00000474114.1	0	1534	chr21	21	45741359	3158	rs2298692	0|1	rs2298692	0.825	21	45741359	rs2298692	1	0	1	0.0	N	N	Y	Y
ENSG00000142166.8	ENST00000493503.1	0	538	chr21	21	34696867	86	rs16997869	1|0	rs16997869	0.2913	21	34696867	rs16997869	3	2	5	0.4	N	N	Y	Y
ENSG00000142178.7	ENST00000270162.6	0	1425	chr21	21	44846016	174	rs3746951	0|1	rs3746951	0.2684	21	44846016	rs3746951	5	3	8	0.375	N	N	Y	Y
ENSG00000154642.6	ENST00000284881.4	0	128	chr21	21	19169155	497	rs1047978	1|0	rs1047978	0.3996	21	19169155	rs1047978	20	17	37	0.4594594594594595	N	N	Y	Y
ENSG00000154642.6	ENST00000284881.4	12	134	chr21	21	19165090	1461	rs1352601	1|0	rs1352601	0.6382	21	19165090	rs1352601	8	3	11	0.2727272727272727	N	N	Y	Y
ENSG00000154642.6	ENST00000284881.4	30	133	chr21	21	19163803	2748	rs2257906	1|0	rs2257906	0.3936	21	19163803	rs2257906	9	8	17	0.4705882352941176	N	N	Y	Y
ENSG00000154642.6	ENST00000284881.4	58	132	chr21	21	19161689	4862	rs243609	1|0	rs243609	0.5149	21	19161689	rs243609	25	19	44	0.4318181818181818	N	N	Y	Y
ENSG00000154642.6	ENST00000284881.4	60	131	chr21	21	19161548	5003	rs243608	1|0	rs243608	0.7555	21	19161548	rs243608	14	15	29	0.5172413793103449	N	N	Y	Y
ENSG00000154642.6	ENST00000284881.4	62	129	chr21	21	19161403	5148	rs243606	1|0	rs243606	0.5139	21	19161403	rs243606	9	9	18	0.5	N	N	Y	Y
ENSG00000154642.6	ENST00000400559.3	0	135	chr21	21	19169155	497	rs1047978	1|0	rs1047978	0.3996	21	19169155	rs1047978	20	17	37	0.4594594594594595	N	N	Y	Y
ENSG00000154642.6	ENST00000405964.2	0	136	chr21	21	19169155	575	rs1047978	1|0	rs1047978	0.3996	21	19169155	rs1047978	20	17	37	0.4594594594594595	N	N	Y	Y
ENSG00000154642.6	ENST00000493464.1	0	138	chr21	21	19169155	627	rs1047978	1|0	rs1047978	0.3996	21	19169155	rs1047978	20	17	37	0.4594594594594595	N	N	Y	Y
ENSG00000154719.9	ENST00000307301.7	0	199	chr21	21	26978950	131	rs3989369	0|1	rs3989369	0.9523	21	26978950	rs3989369	48	62	110	0.5636363636363636	N	N	Y	Y
ENSG00000154719.9	ENST00000352957.4	0	198	chr21	21	26978950	131	rs3989369	0|1	rs3989369	0.9523	21	26978950	rs3989369	48	62	110	0.5636363636363636	N	N	Y	Y
ENSG00000154719.9	ENST00000419219.1	0	200	chr21	21	26978950	98	rs3989369	0|1	rs3989369	0.9523	21	26978950	rs3989369	48	62	110	0.5636363636363636	N	N	Y	Y
ENSG00000154723.8	ENST00000486002.1	0	208	chr21	21	27097053	830	rs73161764	0|1	rs73161764	0.16399999999999998	21	27097053	rs73161764	0	1	1	1.0	N	N	Y	Y
ENSG00000155304.4	ENST00000285667.3	0	78	chr21	21	15744767	1988	rs11088017	0|1	rs11088017	0.3221	21	15744767	rs11088017	28	36	64	0.5625	N	N	Y	Y
ENSG00000155307.13	ENST00000463807.1	0	84	chr21	21	15868238	714	rs1735230	1|0	rs1735230	0.4245	21	15868238	rs1735230	1	1	2	0.5	N	N	Y	Y
ENSG00000156239.7	ENST00000303775.5	0	311	chr21	21	30255347	205	rs61735765	1|0	rs61735765	0.1531	21	30255347	rs61735765	6	10	16	0.625	N	N	Y	Y
ENSG00000156239.7	ENST00000303775.5	9	329	chr21	21	30248353	919	rs62222240	1|0	rs62222240	0.2028	21	30248353	rs62222240	1	1	2	0.5	N	N	Y	Y
ENSG00000156239.7	ENST00000303775.5	15	327	chr21	21	30247893	1379	rs76350217	1|0	rs76350217	0.2038	21	30247893	rs76350217	2	4	6	0.6666666666666666	N	N	Y	Y
ENSG00000156239.7	ENST00000303775.5	16	326	chr21	21	30247858	1414	rs2150395	1|0	rs2150395	0.2038	21	30247858	rs2150395	1	2	3	0.6666666666666666	N	N	Y	Y
ENSG00000156239.7	ENST00000303775.5	19	325	chr21	21	30247628	1644	rs62222239	1|0	rs62222239	0.2028	21	30247628	rs62222239	10	2	12	0.16666666666666666	N	N	Y	Y
ENSG00000156239.7	ENST00000303775.5	20	324	chr21	21	30247533	1739	rs62222238	1|0	rs62222238	0.2038	21	30247533	rs62222238	8	2	10	0.2	N	N	Y	Y
ENSG00000156239.7	ENST00000303775.5	24	323	chr21	21	30247241	2031	rs62222237	1|0	rs62222237	0.2028	21	30247241	rs62222237	5	1	6	0.16666666666666666	N	N	Y	Y
ENSG00000156239.7	ENST00000303775.5	29	322	chr21	21	30246881	2391	rs4638873	0|1	rs4638873	0.5865	21	30246881	rs4638873	2	1	3	0.3333333333333333	N	N	Y	Y
ENSG00000156239.7	ENST00000303775.5	41	321	chr21	21	30245965	3307	rs62222207	1|0	rs62222207	0.2028	21	30245965	rs62222207	4	2	6	0.3333333333333333	N	N	Y	Y
ENSG00000156239.7	ENST00000303775.5	42	320	chr21	21	30245894	3378	rs75122525	1|0	rs75122525	0.2038	21	30245894	rs75122525	7	4	11	0.3636363636363637	N	N	Y	Y
ENSG00000156239.7	ENST00000303775.5	43	319	chr21	21	30245824	3448	rs62222206	1|0	rs62222206	0.2028	21	30245824	rs62222206	5	1	6	0.16666666666666666	N	N	Y	Y
ENSG00000156239.7	ENST00000303775.5	44	318	chr21	21	30245718	3554	rs62222205	1|0	rs62222205	0.2028	21	30245718	rs62222205	3	0	3	0.0	N	N	Y	Y
ENSG00000156239.7	ENST00000303775.5	49	317	chr21	21	30245374	3898	rs2065269	1|0	rs2065269	0.2028	21	30245374	rs2065269	4	6	10	0.6	N	N	Y	Y
ENSG00000156239.7	ENST00000303775.5	51	316	chr21	21	30245239	4033	rs2065266	1|0	rs2065266	0.4145	21	30245239	rs2065266	6	0	6	0.0	N	N	Y	Y
ENSG00000156239.7	ENST00000303775.5	54	315	chr21	21	30244968	4304	rs9983960	0|1	rs9983960	0.5855	21	30244968	rs9983960	3	2	5	0.4	N	N	Y	Y
ENSG00000156239.7	ENST00000303775.5	55	314	chr21	21	30244877	4395	rs1048546	0|1	rs1048546	0.674	21	30244877	rs1048546	2	2	4	0.5	N	N	Y	Y
ENSG00000156239.7	ENST00000303775.5	56	312	chr21	21	30244800	4472	rs15988	1|0	rs15988	0.2028	21	30244800	rs15988	3	6	9	0.6666666666666666	N	N	Y	Y
ENSG00000156239.7	ENST00000351429.3	0	330	chr21	21	30255347	205	rs61735765	1|0	rs61735765	0.1531	21	30255347	rs61735765	6	10	16	0.625	N	N	Y	Y
ENSG00000156239.7	ENST00000351429.3	8	348	chr21	21	30248353	835	rs62222240	1|0	rs62222240	0.2028	21	30248353	rs62222240	1	1	2	0.5	N	N	Y	Y
ENSG00000156239.7	ENST00000351429.3	14	347	chr21	21	30247894	1294	rs74686211	1|0	rs74686211	0.2038	21	30247894	rs74686211	2	4	6	0.6666666666666666	N	N	Y	Y
ENSG00000156239.7	ENST00000351429.3	15	345	chr21	21	30247858	1330	rs2150395	1|0	rs2150395	0.2038	21	30247858	rs2150395	1	2	3	0.6666666666666666	N	N	Y	Y
ENSG00000156239.7	ENST00000351429.3	18	344	chr21	21	30247628	1560	rs62222239	1|0	rs62222239	0.2028	21	30247628	rs62222239	10	2	12	0.16666666666666666	N	N	Y	Y
ENSG00000156239.7	ENST00000351429.3	19	343	chr21	21	30247533	1655	rs62222238	1|0	rs62222238	0.2038	21	30247533	rs62222238	8	2	10	0.2	N	N	Y	Y
ENSG00000156239.7	ENST00000351429.3	23	342	chr21	21	30247241	1947	rs62222237	1|0	rs62222237	0.2028	21	30247241	rs62222237	5	1	6	0.16666666666666666	N	N	Y	Y
ENSG00000156239.7	ENST00000351429.3	28	341	chr21	21	30246881	2307	rs4638873	0|1	rs4638873	0.5865	21	30246881	rs4638873	2	1	3	0.3333333333333333	N	N	Y	Y
ENSG00000156239.7	ENST00000351429.3	40	340	chr21	21	30245965	3223	rs62222207	1|0	rs62222207	0.2028	21	30245965	rs62222207	4	2	6	0.3333333333333333	N	N	Y	Y
ENSG00000156239.7	ENST00000351429.3	41	339	chr21	21	30245894	3294	rs75122525	1|0	rs75122525	0.2038	21	30245894	rs75122525	7	4	11	0.3636363636363637	N	N	Y	Y
ENSG00000156239.7	ENST00000351429.3	42	338	chr21	21	30245824	3364	rs62222206	1|0	rs62222206	0.2028	21	30245824	rs62222206	5	1	6	0.16666666666666666	N	N	Y	Y
ENSG00000156239.7	ENST00000351429.3	43	337	chr21	21	30245718	3470	rs62222205	1|0	rs62222205	0.2028	21	30245718	rs62222205	3	0	3	0.0	N	N	Y	Y
ENSG00000156239.7	ENST00000351429.3	48	336	chr21	21	30245374	3814	rs2065269	1|0	rs2065269	0.2028	21	30245374	rs2065269	4	6	10	0.6	N	N	Y	Y
ENSG00000156239.7	ENST00000351429.3	49	335	chr21	21	30245239	3949	rs2065266	1|0	rs2065266	0.4145	21	30245239	rs2065266	6	0	6	0.0	N	N	Y	Y
ENSG00000156239.7	ENST00000351429.3	53	334	chr21	21	30244968	4220	rs9983960	0|1	rs9983960	0.5855	21	30244968	rs9983960	3	2	5	0.4	N	N	Y	Y
ENSG00000156239.7	ENST00000351429.3	54	333	chr21	21	30244877	4311	rs1048546	0|1	rs1048546	0.674	21	30244877	rs1048546	2	2	4	0.5	N	N	Y	Y
ENSG00000156239.7	ENST00000351429.3	55	331	chr21	21	30244800	4388	rs15988	1|0	rs15988	0.2028	21	30244800	rs15988	3	6	9	0.6666666666666666	N	N	Y	Y
ENSG00000156239.7	ENST00000460212.1	0	349	chr21	21	30255347	205	rs61735765	1|0	rs61735765	0.1531	21	30255347	rs61735765	6	10	16	0.625	N	N	Y	Y
ENSG00000156239.7	ENST00000460212.1	7	353	chr21	21	30244968	732	rs9983960	0|1	rs9983960	0.5855	21	30244968	rs9983960	3	2	5	0.4	N	N	Y	Y
ENSG00000156239.7	ENST00000460212.1	8	352	chr21	21	30244877	823	rs1048546	0|1	rs1048546	0.674	21	30244877	rs1048546	2	2	4	0.5	N	N	Y	Y
ENSG00000156239.7	ENST00000460212.1	9	350	chr21	21	30244800	900	rs15988	1|0	rs15988	0.2028	21	30244800	rs15988	3	6	9	0.6666666666666666	N	N	Y	Y
ENSG00000156253.2	ENST00000286777.2	0	375	chr21	21	30378090	1613	rs11170	0|1	rs11170	0.4026	21	30378090	rs11170	1	2	3	0.6666666666666666	N	N	Y	Y
ENSG00000156253.2	ENST00000472184.1	0	376	chr21	21	30378090	1775	rs11170	0|1	rs11170	0.4026	21	30378090	rs11170	1	2	3	0.6666666666666666	N	N	Y	Y
ENSG00000156253.2	ENST00000486719.1	0	374	chr21	21	30378090	1777	rs11170	0|1	rs11170	0.4026	21	30378090	rs11170	1	2	3	0.6666666666666666	N	N	Y	Y
ENSG00000156253.2	ENST00000493196.1	0	372	chr21	21	30378090	1475	rs11170	0|1	rs11170	0.4026	21	30378090	rs11170	1	2	3	0.6666666666666666	N	N	Y	Y
ENSG00000156256.10	ENST00000485067.1	0	383	chr21	21	30425212	769	rs56404428	1|0	rs56404428	0.2793	21	30425212	rs56404428	1	0	1	0.0	N	N	Y	Y
ENSG00000156265.11	ENST00000339024.4	0	392	chr21	21	30547602	1388	rs2832236	0|1	rs2832236	0.4841	21	30547602	rs2832236	3	4	7	0.5714285714285714	N	N	Y	Y
ENSG00000156265.11	ENST00000341618.4	0	387	chr21	21	30547602	1190	rs2832236	0|1	rs2832236	0.4841	21	30547602	rs2832236	3	4	7	0.5714285714285714	N	N	Y	Y
ENSG00000156265.11	ENST00000399928.1	0	393	chr21	21	30547602	1226	rs2832236	0|1	rs2832236	0.4841	21	30547602	rs2832236	3	4	7	0.5714285714285714	N	N	Y	Y
ENSG00000156265.11	ENST00000399934.1	0	389	chr21	21	30547602	1286	rs2832236	0|1	rs2832236	0.4841	21	30547602	rs2832236	3	4	7	0.5714285714285714	N	N	Y	Y
ENSG00000156265.11	ENST00000399935.2	0	388	chr21	21	30547602	1415	rs2832236	0|1	rs2832236	0.4841	21	30547602	rs2832236	3	4	7	0.5714285714285714	N	N	Y	Y
ENSG00000156265.11	ENST00000399947.2	0	390	chr21	21	30547602	1338	rs2832236	0|1	rs2832236	0.4841	21	30547602	rs2832236	3	4	7	0.5714285714285714	N	N	Y	Y
ENSG00000156299.8	ENST00000286827.3	0	444	chr21	21	32492670	4795	rs111620734	0|1	rs111620734	0.0209	21	32492670	rs111620734	2	2	4	0.5	N	N	Y	Y
ENSG00000156299.8	ENST00000286827.3	2	443	chr21	21	32492492	4973	rs2070409	1|0	rs2070409	0.4702	21	32492492	rs2070409	0	1	1	1.0	N	N	Y	Y
ENSG00000157538.9	ENST00000309117.6	0	838	chr21	21	38596677	2218	rs1128922	1|0	rs1128922	0.6103	21	38596677	rs1128922	33	44	77	0.5714285714285714	N	N	Y	Y
ENSG00000157538.9	ENST00000399000.3	0	839	chr21	21	38596677	3440	rs1128922	1|0	rs1128922	0.6103	21	38596677	rs1128922	33	44	77	0.5714285714285714	N	N	Y	Y
ENSG00000157538.9	ENST00000497493.1	0	837	chr21	21	38599440	1927	rs2027601	1|0	rs2027601	0.7515	21	38599440	rs2027601	1	1	2	0.5	N	N	Y	Y
ENSG00000157538.9	ENST00000497493.1	11	836	chr21	21	38598576	2791	rs2186337	1|0	rs2186337	0.7137	21	38598576	rs2186337	0	2	2	1.0	N	N	Y	Y
ENSG00000157538.9	ENST00000497493.1	36	835	chr21	21	38596677	4690	rs1128922	1|0	rs1128922	0.6103	21	38596677	rs1128922	33	44	77	0.5714285714285714	N	N	Y	Y
ENSG00000157540.15	ENST00000338785.3	0	842	chr21	21	38885442	3250	rs1803439	1|0	rs1803439	0.335	21	38885442	rs1803439	32	34	66	0.5151515151515151	N	N	Y	Y
ENSG00000157540.15	ENST00000339659.4	0	843	chr21	21	38791581	375	rs2835726	1|0	rs2835726	0.4423	21	38791581	rs2835726	0	1	1	1.0	N	N	Y	Y
ENSG00000157540.15	ENST00000339659.4	6	845	chr21	21	38792077	871	rs2835729	1|0	rs2835729	0.168	21	38792077	rs2835729	0	1	1	1.0	N	N	Y	Y
ENSG00000157540.15	ENST00000339659.4	52	846	chr21	21	38885442	4333	rs1803439	1|0	rs1803439	0.335	21	38885442	rs1803439	32	34	66	0.5151515151515151	N	N	Y	Y
ENSG00000157540.15	ENST00000339659.4	96	848	chr21	21	38888744	7635	rs2236686	1|0	rs2236686	0.2783	21	38888744	rs2236686	1	1	2	0.5	N	N	Y	Y
ENSG00000157557.7	ENST00000360214.3	0	897	chr21	21	40190443	1144	rs115786160	1|0	rs115786160	0.0318	21	40190443	rs115786160	4	3	7	0.42857142857142855	N	N	Y	Y
ENSG00000157557.7	ENST00000360938.3	0	898	chr21	21	40190443	974	rs115786160	1|0	rs115786160	0.0318	21	40190443	rs115786160	4	3	7	0.42857142857142855	N	N	Y	Y
ENSG00000157557.7	ENST00000456966.1	0	900	chr21	21	40190443	845	rs115786160	1|0	rs115786160	0.0318	21	40190443	rs115786160	4	3	7	0.42857142857142855	N	N	Y	Y
ENSG00000157578.9	ENST00000288350.3	0	1004	chr21	21	40800371	412	rs2837029	0|1	rs2837029	0.2157	21	40800371	rs2837029	1	0	1	0.0	N	N	Y	Y
ENSG00000157578.9	ENST00000358268.2	0	1008	chr21	21	40800371	576	rs2837029	0|1	rs2837029	0.2157	21	40800371	rs2837029	1	0	1	0.0	N	N	Y	Y
ENSG00000157578.9	ENST00000380671.2	0	1006	chr21	21	40800371	360	rs2837029	0|1	rs2837029	0.2157	21	40800371	rs2837029	1	0	1	0.0	N	N	Y	Y
ENSG00000157578.9	ENST00000411566.1	0	1024	chr21	21	40800371	576	rs2837029	0|1	rs2837029	0.2157	21	40800371	rs2837029	1	0	1	0.0	N	N	Y	Y
ENSG00000157578.9	ENST00000415863.1	0	1027	chr21	21	40800371	544	rs2837029	0|1	rs2837029	0.2157	21	40800371	rs2837029	1	0	1	0.0	N	N	Y	Y
ENSG00000157578.9	ENST00000418018.1	0	1017	chr21	21	40800371	364	rs2837029	0|1	rs2837029	0.2157	21	40800371	rs2837029	1	0	1	0.0	N	N	Y	Y
ENSG00000157578.9	ENST00000426783.1	0	1029	chr21	21	40800371	548	rs2837029	0|1	rs2837029	0.2157	21	40800371	rs2837029	1	0	1	0.0	N	N	Y	Y
ENSG00000157578.9	ENST00000434281.1	0	1021	chr21	21	40800371	284	rs2837029	0|1	rs2837029	0.2157	21	40800371	rs2837029	1	0	1	0.0	N	N	Y	Y
ENSG00000157578.9	ENST00000438404.1	0	1022	chr21	21	40800371	612	rs2837029	0|1	rs2837029	0.2157	21	40800371	rs2837029	1	0	1	0.0	N	N	Y	Y
ENSG00000157578.9	ENST00000448288.2	0	1020	chr21	21	40800371	529	rs2837029	0|1	rs2837029	0.2157	21	40800371	rs2837029	1	0	1	0.0	N	N	Y	Y
ENSG00000157578.9	ENST00000456017.1	0	1031	chr21	21	40800371	567	rs2837029	0|1	rs2837029	0.2157	21	40800371	rs2837029	1	0	1	0.0	N	N	Y	Y
ENSG00000157578.9	ENST00000468009.2	0	1025	chr21	21	40800371	391	rs2837029	0|1	rs2837029	0.2157	21	40800371	rs2837029	1	0	1	0.0	N	N	Y	Y
ENSG00000157578.9	ENST00000485895.2	0	1011	chr21	21	40800371	345	rs2837029	0|1	rs2837029	0.2157	21	40800371	rs2837029	1	0	1	0.0	N	N	Y	Y
ENSG00000157578.9	ENST00000485895.2	16	1012	chr21	21	40793911	1582	rs2837020	0|1	rs2837020	0.1451	21	40793911	rs2837020	0	1	1	1.0	N	N	Y	Y
ENSG00000157617.12	ENST00000329623.7	0	1189	chr21	21	43305435	5410	rs3168	1|0	rs3168	0.8429	21	43305435	rs3168	12	4	16	0.25	N	N	Y	Y
ENSG00000157617.12	ENST00000380486.3	0	1191	chr21	21	43305435	5911	rs3168	1|0	rs3168	0.8429	21	43305435	rs3168	12	4	16	0.25	N	N	Y	Y
ENSG00000157617.12	ENST00000449165.1	0	1188	chr21	21	43305435	4125	rs3168	1|0	rs3168	0.8429	21	43305435	rs3168	12	4	16	0.25	N	N	Y	Y
ENSG00000159055.3	ENST00000290130.3	0	469	chr21	21	33641152	873	rs8129993	0|1	rs8129993	0.3549	21	33641152	rs8129993	26	23	49	0.4693877551020408	N	N	Y	Y
ENSG00000159079.14	ENST00000382549.4	0	497	chr21	21	33975279	998	rs2833926	1|0	rs2833926	0.1918	21	33975279	rs2833926	2	3	5	0.6	N	N	Y	Y
ENSG00000159079.14	ENST00000483315.1	0	499	chr21	21	33975279	711	rs2833926	1|0	rs2833926	0.1918	21	33975279	rs2833926	2	3	5	0.6	N	N	Y	Y
ENSG00000159082.13	ENST00000382499.2	0	503	chr21	21	34059352	999	rs2254562	1|0	rs2254562	0.2873	21	34059352	rs2254562	1	1	2	0.5	N	N	Y	Y
ENSG00000159082.13	ENST00000382499.2	75	504	chr21	21	34001496	6652	rs13554	1|0	rs13554	0.4662	21	34001496	rs13554	2	2	4	0.5	N	N	Y	Y
ENSG00000159082.13	ENST00000429236.1	0	507	chr21	21	34059352	1007	rs2254562	1|0	rs2254562	0.2873	21	34059352	rs2254562	1	1	2	0.5	N	N	Y	Y
ENSG00000159082.13	ENST00000433931.2	0	505	chr21	21	34059352	1007	rs2254562	1|0	rs2254562	0.2873	21	34059352	rs2254562	1	1	2	0.5	N	N	Y	Y
ENSG00000159082.13	ENST00000438952.1	0	502	chr21	21	34001496	3161	rs13554	1|0	rs13554	0.4662	21	34001496	rs13554	2	2	4	0.5	N	N	Y	Y
ENSG00000159110.15	ENST00000382241.3	0	528	chr21	21	34602246	16	rs9975738	0|1	rs9975738	0.5358	21	34602246	rs9975738	3	8	11	0.7272727272727273	N	N	Y	Y
ENSG00000159110.15	ENST00000382264.3	0	527	chr21	21	34602246	41	rs9975738	0|1	rs9975738	0.5358	21	34602246	rs9975738	3	8	11	0.7272727272727273	N	N	Y	Y
ENSG00000159128.10	ENST00000290219.6	0	543	chr21	21	34787312	766	rs9808753	0|1	rs9808753	0.1431	21	34787312	rs9808753	89	94	183	0.5136612021857924	N	N	Y	Y
ENSG00000159128.10	ENST00000381995.1	0	545	chr21	21	34787312	287	rs9808753	0|1	rs9808753	0.1431	21	34787312	rs9808753	89	94	183	0.5136612021857924	N	N	Y	Y
ENSG00000159128.10	ENST00000405436.1	0	546	chr21	21	34787312	321	rs9808753	0|1	rs9808753	0.1431	21	34787312	rs9808753	89	94	183	0.5136612021857924	N	N	Y	Y
ENSG00000159128.10	ENST00000439213.1	0	544	chr21	21	34787312	423	rs9808753	0|1	rs9808753	0.1431	21	34787312	rs9808753	89	94	183	0.5136612021857924	N	N	Y	Y
ENSG00000159140.13	ENST00000290239.6	0	550	chr21	21	34925263	3698	rs148591619	1|0	rs148591619	0.001	21	34925263	rs148591619	63	58	121	0.4793388429752066	N	N	Y	Y
ENSG00000159140.13	ENST00000300278.4	0	551	chr21	21	34925263	3678	rs148591619	1|0	rs148591619	0.001	21	34925263	rs148591619	63	58	121	0.4793388429752066	N	N	Y	Y
ENSG00000159140.13	ENST00000356577.4	0	549	chr21	21	34925263	4124	rs148591619	1|0	rs148591619	0.001	21	34925263	rs148591619	63	58	121	0.4793388429752066	N	N	Y	Y
ENSG00000159140.13	ENST00000381679.4	0	553	chr21	21	34925263	3677	rs148591619	1|0	rs148591619	0.001	21	34925263	rs148591619	63	58	121	0.4793388429752066	N	N	Y	Y
ENSG00000159140.13	ENST00000436227.1	0	554	chr21	21	34925263	710	rs148591619	1|0	rs148591619	0.001	21	34925263	rs148591619	63	58	121	0.4793388429752066	N	N	Y	Y
ENSG00000159140.13	ENST00000455528.1	0	552	chr21	21	34925263	3678	rs148591619	1|0	rs148591619	0.001	21	34925263	rs148591619	63	58	121	0.4793388429752066	N	N	Y	Y
ENSG00000159259.7	ENST00000314103.5	0	704	chr21	21	37759957	213	rs62229404	1|0	rs62229404	0.1034	21	37759957	rs62229404	29	18	47	0.3829787234042553	N	N	Y	Y
ENSG00000159259.7	ENST00000480486.1	0	706	chr21	21	37759957	265	rs62229404	1|0	rs62229404	0.1034	21	37759957	rs62229404	29	18	47	0.3829787234042553	N	N	Y	Y
ENSG00000159267.10	ENST00000336648.4	0	714	chr21	21	38308911	1303	rs1065758	1|0	rs1065758	0.172	21	38308911	rs1065758	6	5	11	0.4545454545454545	N	N	Y	Y
ENSG00000159267.10	ENST00000399120.1	0	715	chr21	21	38308911	2063	rs1065758	1|0	rs1065758	0.172	21	38308911	rs1065758	6	5	11	0.4545454545454545	N	N	Y	Y
ENSG00000160179.14	ENST00000343687.3	0	1274	chr21	21	43716901	2509	rs1044317	1|0	rs1044317	0.5537	21	43716901	rs1044317	11	8	19	0.42105263157894735	N	N	Y	Y
ENSG00000160179.14	ENST00000347800.2	0	1271	chr21	21	43716901	2437	rs1044317	1|0	rs1044317	0.5537	21	43716901	rs1044317	11	8	19	0.42105263157894735	N	N	Y	Y
ENSG00000160179.14	ENST00000361802.2	0	1273	chr21	21	43716901	2539	rs1044317	1|0	rs1044317	0.5537	21	43716901	rs1044317	11	8	19	0.42105263157894735	N	N	Y	Y
ENSG00000160179.14	ENST00000398437.1	0	1275	chr21	21	43716901	2637	rs1044317	1|0	rs1044317	0.5537	21	43716901	rs1044317	11	8	19	0.42105263157894735	N	N	Y	Y
ENSG00000160179.14	ENST00000398449.3	0	1272	chr21	21	43716901	2503	rs1044317	1|0	rs1044317	0.5537	21	43716901	rs1044317	11	8	19	0.42105263157894735	N	N	Y	Y
ENSG00000160179.14	ENST00000398457.2	0	1269	chr21	21	43716901	2618	rs1044317	1|0	rs1044317	0.5537	21	43716901	rs1044317	11	8	19	0.42105263157894735	N	N	Y	Y
ENSG00000160179.14	ENST00000462050.1	0	1270	chr21	21	43716901	2584	rs1044317	1|0	rs1044317	0.5537	21	43716901	rs1044317	11	8	19	0.42105263157894735	N	N	Y	Y
ENSG00000160179.14	ENST00000472587.1	0	1276	chr21	21	43716901	2450	rs1044317	1|0	rs1044317	0.5537	21	43716901	rs1044317	11	8	19	0.42105263157894735	N	N	Y	Y
ENSG00000160183.9	ENST00000291532.3	0	1293	chr21	21	43792665	2510	rs225309	0|1	rs225309	0.4453	21	43792665	rs225309	17	42	59	0.7118644067796609	N	N	Y	Y
ENSG00000160183.9	ENST00000398405.1	0	1289	chr21	21	43792665	2071	rs225309	0|1	rs225309	0.4453	21	43792665	rs225309	17	42	59	0.7118644067796609	N	N	Y	Y
ENSG00000160183.9	ENST00000433957.2	0	1291	chr21	21	43792665	1720	rs225309	0|1	rs225309	0.4453	21	43792665	rs225309	17	42	59	0.7118644067796609	N	N	Y	Y
ENSG00000160183.9	ENST00000474596.1	0	1285	chr21	21	43792665	1437	rs225309	0|1	rs225309	0.4453	21	43792665	rs225309	17	42	59	0.7118644067796609	N	N	Y	Y
ENSG00000160183.9	ENST00000476848.1	0	1282	chr21	21	43803412	447	rs8129105	1|0	rs8129105	0.4354	21	43803412	rs8129105	2	1	3	0.3333333333333333	N	N	Y	Y
ENSG00000160183.9	ENST00000476848.1	24	1283	chr21	21	43792665	2301	rs225309	0|1	rs225309	0.4453	21	43792665	rs225309	17	42	59	0.7118644067796609	N	N	Y	Y
ENSG00000160183.9	ENST00000482761.1	0	1287	chr21	21	43792665	1856	rs225309	0|1	rs225309	0.4453	21	43792665	rs225309	17	42	59	0.7118644067796609	N	N	Y	Y
ENSG00000160185.9	ENST00000291535.6	0	1295	chr21	21	43854985	1134	rs17114925	0|1	rs17114925	0.1262	21	43854985	rs17114925	2	5	7	0.7142857142857143	N	N	Y	Y
ENSG00000160185.9	ENST00000291535.6	5	1297	chr21	21	43863521	1551	rs868092	0|1	rs868092	0.6879	21	43863521	rs868092	1	4	5	0.8	N	N	Y	Y
ENSG00000160185.9	ENST00000319294.6	0	1298	chr21	21	43854985	1232	rs17114925	0|1	rs17114925	0.1262	21	43854985	rs17114925	2	5	7	0.7142857142857143	N	N	Y	Y
ENSG00000160185.9	ENST00000319294.6	5	1300	chr21	21	43863521	1649	rs868092	0|1	rs868092	0.6879	21	43863521	rs868092	1	4	5	0.8	N	N	Y	Y
ENSG00000160185.9	ENST00000398367.1	0	1302	chr21	21	43854985	1116	rs17114925	0|1	rs17114925	0.1262	21	43854985	rs17114925	2	5	7	0.7142857142857143	N	N	Y	Y
ENSG00000160185.9	ENST00000473381.1	0	1305	chr21	21	43854985	1229	rs17114925	0|1	rs17114925	0.1262	21	43854985	rs17114925	2	5	7	0.7142857142857143	N	N	Y	Y
ENSG00000160185.9	ENST00000473381.1	12	1307	chr21	21	43863521	2163	rs868092	0|1	rs868092	0.6879	21	43863521	rs868092	1	4	5	0.8	N	N	Y	Y
ENSG00000160188.5	ENST00000291536.3	0	1310	chr21	21	43892641	1333	rs2839531	1|0	rs2839531	0.9254	21	43892641	rs2839531	3	0	3	0.0	N	N	Y	Y
ENSG00000160188.5	ENST00000493019.1	0	1308	chr21	21	43905327	1577	rs2839535	1|0	rs2839535	0.7028	21	43905327	rs2839535	1	0	1	0.0	N	N	Y	Y
ENSG00000160188.5	ENST00000493019.1	16	1309	chr21	21	43892641	2833	rs2839531	1|0	rs2839531	0.9254	21	43892641	rs2839531	3	0	3	0.0	N	N	Y	Y
ENSG00000160193.7	ENST00000330317.2	0	1339	chr21	21	44293744	247	rs2248490	0|1	rs2248490	0.5258	21	44293744	rs2248490	25	16	41	0.3902439024390244	N	N	Y	Y
ENSG00000160193.7	ENST00000330317.2	7	1340	chr21	21	44273858	830	rs15736	0|1	rs15736	0.3767	21	44273858	rs15736	20	8	28	0.2857142857142857	N	N	Y	Y
ENSG00000160193.7	ENST00000398208.2	0	1348	chr21	21	44293744	271	rs2248490	0|1	rs2248490	0.5258	21	44293744	rs2248490	25	16	41	0.3902439024390244	N	N	Y	Y
ENSG00000160193.7	ENST00000398208.2	7	1349	chr21	21	44273858	854	rs15736	0|1	rs15736	0.3767	21	44273858	rs15736	20	8	28	0.2857142857142857	N	N	Y	Y
ENSG00000160193.7	ENST00000398208.2	15	1352	chr21	21	44269860	1405	rs60406170	0|1	rs60406170	0.0646	21	44269860	rs60406170	11	22	33	0.6666666666666666	N	N	Y	Y
ENSG00000160193.7	ENST00000398208.2	16	1351	chr21	21	44269743	1522	rs7281655	0|1	rs7281655	0.1779	21	44269743	rs7281655	11	22	33	0.6666666666666666	N	N	Y	Y
ENSG00000160193.7	ENST00000398208.2	17	1350	chr21	21	44269654	1611	rs2156314	1|0	rs2156314	0.4751	21	44269654	rs2156314	17	11	28	0.3928571428571429	N	N	Y	Y
ENSG00000160193.7	ENST00000463902.1	0	1360	chr21	21	44293744	148	rs2248490	0|1	rs2248490	0.5258	21	44293744	rs2248490	25	16	41	0.3902439024390244	N	N	Y	Y
ENSG00000160193.7	ENST00000470658.1	0	1361	chr21	21	44299324	295	rs8127072	0|1	rs8127072	0.5855	21	44299324	rs8127072	2	1	3	0.3333333333333333	N	N	Y	Y
ENSG00000160193.7	ENST00000470658.1	3	1362	chr21	21	44293744	546	rs2248490	0|1	rs2248490	0.5258	21	44293744	rs2248490	25	16	41	0.3902439024390244	N	N	Y	Y
ENSG00000160193.7	ENST00000476326.1	0	1353	chr21	21	44293744	178	rs2248490	0|1	rs2248490	0.5258	21	44293744	rs2248490	25	16	41	0.3902439024390244	N	N	Y	Y
ENSG00000160193.7	ENST00000476326.1	7	1354	chr21	21	44273858	709	rs15736	0|1	rs15736	0.3767	21	44273858	rs15736	20	8	28	0.2857142857142857	N	N	Y	Y
ENSG00000160193.7	ENST00000476326.1	12	1358	chr21	21	44270229	1082	rs6586250	0|1	rs6586250	0.1779	21	44270229	rs6586250	19	25	44	0.5681818181818182	N	N	Y	Y
ENSG00000160193.7	ENST00000476326.1	16	1357	chr21	21	44269860	1451	rs60406170	0|1	rs60406170	0.0646	21	44269860	rs60406170	11	22	33	0.6666666666666666	N	N	Y	Y
ENSG00000160193.7	ENST00000476326.1	18	1356	chr21	21	44269743	1568	rs7281655	0|1	rs7281655	0.1779	21	44269743	rs7281655	11	22	33	0.6666666666666666	N	N	Y	Y
ENSG00000160193.7	ENST00000476326.1	19	1355	chr21	21	44269654	1657	rs2156314	1|0	rs2156314	0.4751	21	44269654	rs2156314	17	11	28	0.3928571428571429	N	N	Y	Y
ENSG00000160193.7	ENST00000479429.1	0	1359	chr21	21	44293744	231	rs2248490	0|1	rs2248490	0.5258	21	44293744	rs2248490	25	16	41	0.3902439024390244	N	N	Y	Y
ENSG00000160193.7	ENST00000492742.1	0	1341	chr21	21	44299324	60	rs8127072	0|1	rs8127072	0.5855	21	44299324	rs8127072	2	1	3	0.3333333333333333	N	N	Y	Y
ENSG00000160193.7	ENST00000492742.1	4	1342	chr21	21	44293744	406	rs2248490	0|1	rs2248490	0.5258	21	44293744	rs2248490	25	16	41	0.3902439024390244	N	N	Y	Y
ENSG00000160193.7	ENST00000492742.1	11	1343	chr21	21	44273858	937	rs15736	0|1	rs15736	0.3767	21	44273858	rs15736	20	8	28	0.2857142857142857	N	N	Y	Y
ENSG00000160193.7	ENST00000492742.1	16	1347	chr21	21	44270229	1310	rs6586250	0|1	rs6586250	0.1779	21	44270229	rs6586250	19	25	44	0.5681818181818182	N	N	Y	Y
ENSG00000160193.7	ENST00000492742.1	21	1346	chr21	21	44269860	1679	rs60406170	0|1	rs60406170	0.0646	21	44269860	rs60406170	11	22	33	0.6666666666666666	N	N	Y	Y
ENSG00000160193.7	ENST00000492742.1	23	1345	chr21	21	44269743	1796	rs7281655	0|1	rs7281655	0.1779	21	44269743	rs7281655	11	22	33	0.6666666666666666	N	N	Y	Y
ENSG00000160193.7	ENST00000492742.1	24	1344	chr21	21	44269654	1885	rs2156314	1|0	rs2156314	0.4751	21	44269654	rs2156314	17	11	28	0.3928571428571429	N	N	Y	Y
ENSG00000160194.13	ENST00000354250.2	0	1366	chr21	21	44323590	489	rs4148973	0|1	rs4148973	0.5885	21	44323590	rs4148973	16	4	20	0.2	N	N	Y	Y
ENSG00000160194.13	ENST00000354250.2	1	1367	chr21	21	44323720	619	rs4148974	0|1	rs4148974	0.0755	21	44323720	rs4148974	14	10	24	0.4166666666666667	N	N	Y	Y
ENSG00000160194.13	ENST00000354250.2	10	1368	chr21	21	44324365	1264	rs10595	0|1	rs10595	0.5885	21	44324365	rs10595	22	11	33	0.3333333333333333	N	N	Y	Y
ENSG00000160194.13	ENST00000460259.1	0	1363	chr21	21	44323590	991	rs4148973	0|1	rs4148973	0.5885	21	44323590	rs4148973	16	4	20	0.2	N	N	Y	Y
ENSG00000160194.13	ENST00000460259.1	1	1364	chr21	21	44323720	1121	rs4148974	0|1	rs4148974	0.0755	21	44323720	rs4148974	14	10	24	0.4166666666666667	N	N	Y	Y
ENSG00000160194.13	ENST00000460259.1	10	1365	chr21	21	44324365	1766	rs10595	0|1	rs10595	0.5885	21	44324365	rs10595	22	11	33	0.3333333333333333	N	N	Y	Y
ENSG00000160194.13	ENST00000460740.1	0	1380	chr21	21	44323590	360	rs4148973	0|1	rs4148973	0.5885	21	44323590	rs4148973	16	4	20	0.2	N	N	Y	Y
ENSG00000160194.13	ENST00000460740.1	1	1381	chr21	21	44323720	490	rs4148974	0|1	rs4148974	0.0755	21	44323720	rs4148974	14	10	24	0.4166666666666667	N	N	Y	Y
ENSG00000160201.7	ENST00000496462.1	0	1406	chr21	21	44518691	3012	rs2839635	1|0	rs2839635	0.4046	21	44518691	rs2839635	2	5	7	0.7142857142857143	N	N	Y	Y
ENSG00000160201.7	ENST00000496462.1	8	1405	chr21	21	44518028	3675	rs1060111	1|0	rs1060111	0.4046	21	44518028	rs1060111	8	1	9	0.1111111111111111	N	N	Y	Y
ENSG00000160201.7	ENST00000496462.1	10	1404	chr21	21	44517914	3789	rs1060112	1|0	rs1060112	0.4046	21	44517914	rs1060112	4	6	10	0.6	N	N	Y	Y
ENSG00000160201.7	ENST00000496462.1	12	1403	chr21	21	44517758	3945	rs4919963	1|0	rs4919963	0.1372	21	44517758	rs4919963	3	1	4	0.25	N	N	Y	Y
ENSG00000160207.4	ENST00000291560.2	0	1432	chr21	21	45078035	273	rs2838343	0|1	rs2838343	0.5815	21	45078035	rs2838343	1	0	1	0.0	N	N	Y	Y
ENSG00000160207.4	ENST00000443485.1	0	1433	chr21	21	45078035	250	rs2838343	0|1	rs2838343	0.5815	21	45078035	rs2838343	1	0	1	0.0	N	N	Y	Y
ENSG00000160209.14	ENST00000291565.4	0	1445	chr21	21	45175958	1049	rs7527	0|1	rs7527	0.5109	21	45175958	rs7527	47	44	91	0.4835164835164835	N	N	Y	Y
ENSG00000160209.14	ENST00000343528.6	0	1466	chr21	21	45175958	923	rs7527	0|1	rs7527	0.5109	21	45175958	rs7527	47	44	91	0.4835164835164835	N	N	Y	Y
ENSG00000160209.14	ENST00000398078.3	0	1467	chr21	21	45175958	1002	rs7527	0|1	rs7527	0.5109	21	45175958	rs7527	47	44	91	0.4835164835164835	N	N	Y	Y
ENSG00000160209.14	ENST00000461123.1	0	1470	chr21	21	45175958	552	rs7527	0|1	rs7527	0.5109	21	45175958	rs7527	47	44	91	0.4835164835164835	N	N	Y	Y
ENSG00000160209.14	ENST00000467908.1	0	1456	chr21	21	45175958	942	rs7527	0|1	rs7527	0.5109	21	45175958	rs7527	47	44	91	0.4835164835164835	N	N	Y	Y
ENSG00000160209.14	ENST00000468090.1	0	1435	chr21	21	45175958	980	rs7527	0|1	rs7527	0.5109	21	45175958	rs7527	47	44	91	0.4835164835164835	N	N	Y	Y
ENSG00000160209.14	ENST00000468392.1	0	1468	chr21	21	45175958	998	rs7527	0|1	rs7527	0.5109	21	45175958	rs7527	47	44	91	0.4835164835164835	N	N	Y	Y
ENSG00000160216.14	ENST00000467358.1	0	1483	chr21	21	45385907	1098	rs2000787	1|0	rs2000787	0.1869	21	45385907	rs2000787	5	2	7	0.2857142857142857	N	N	Y	Y
ENSG00000160216.14	ENST00000467358.1	1	1484	chr21	21	45386033	1224	rs2000788	1|0	rs2000788	0.5378	21	45386033	rs2000788	2	2	4	0.5	N	N	Y	Y
ENSG00000160216.14	ENST00000467358.1	8	1485	chr21	21	45386559	1750	rs6518340	1|0	rs6518340	0.1938	21	45386559	rs6518340	3	5	8	0.625	N	N	Y	Y
ENSG00000160216.14	ENST00000467358.1	14	1486	chr21	21	45387008	2199	rs4819354	1|0	rs4819354	0.4891	21	45387008	rs4819354	3	3	6	0.5	N	N	Y	Y
ENSG00000160216.14	ENST00000467358.1	16	1487	chr21	21	45387109	2300	rs6518342	1|0	rs6518342	0.1968	21	45387109	rs6518342	2	3	5	0.6	N	N	Y	Y
ENSG00000160223.12	ENST00000344330.4	0	1490	chr21	21	45656774	403	rs11558819	0|1	rs11558819	0.2873	21	45656774	rs11558819	32	0	32	0.0	N	N	Y	Y
ENSG00000160223.12	ENST00000400377.3	0	1509	chr21	21	45648488	1126	rs3804033	0|1	rs3804033	0.2545	21	45648488	rs3804033	22	16	38	0.42105263157894735	N	N	Y	Y
ENSG00000160223.12	ENST00000400377.3	8	1508	chr21	21	45647834	1780	rs117576800	0|1	rs117576800	0.2525	21	45647834	rs117576800	7	2	9	0.2222222222222222	N	N	Y	Y
ENSG00000160223.12	ENST00000400377.3	11	1507	chr21	21	45647646	1968	rs15927	0|1	rs15927	0.2555	21	45647646	rs15927	18	21	39	0.5384615384615384	N	N	Y	Y
ENSG00000160223.12	ENST00000400377.3	17	1506	chr21	21	45647202	2412	rs4819387	1|0	rs4819387	0.4563	21	45647202	rs4819387	7	22	29	0.7586206896551724	N	N	Y	Y
ENSG00000160223.12	ENST00000400379.3	0	1500	chr21	21	45656774	508	rs11558819	0|1	rs11558819	0.2873	21	45656774	rs11558819	32	0	32	0.0	N	N	Y	Y
ENSG00000160223.12	ENST00000400379.3	18	1504	chr21	21	45648488	1916	rs3804033	0|1	rs3804033	0.2545	21	45648488	rs3804033	22	16	38	0.42105263157894735	N	N	Y	Y
ENSG00000160223.12	ENST00000400379.3	27	1503	chr21	21	45647834	2570	rs117576800	0|1	rs117576800	0.2525	21	45647834	rs117576800	7	2	9	0.2222222222222222	N	N	Y	Y
ENSG00000160223.12	ENST00000400379.3	30	1502	chr21	21	45647646	2758	rs15927	0|1	rs15927	0.2555	21	45647646	rs15927	18	21	39	0.5384615384615384	N	N	Y	Y
ENSG00000160223.12	ENST00000400379.3	35	1501	chr21	21	45647202	3202	rs4819387	1|0	rs4819387	0.4563	21	45647202	rs4819387	7	22	29	0.7586206896551724	N	N	Y	Y
ENSG00000160223.12	ENST00000407780.3	0	1491	chr21	21	45656774	508	rs11558819	0|1	rs11558819	0.2873	21	45656774	rs11558819	32	0	32	0.0	N	N	Y	Y
ENSG00000160223.12	ENST00000407780.3	12	1499	chr21	21	45648488	1456	rs3804033	0|1	rs3804033	0.2545	21	45648488	rs3804033	22	16	38	0.42105263157894735	N	N	Y	Y
ENSG00000160223.12	ENST00000407780.3	21	1498	chr21	21	45647834	2110	rs117576800	0|1	rs117576800	0.2525	21	45647834	rs117576800	7	2	9	0.2222222222222222	N	N	Y	Y
ENSG00000160223.12	ENST00000407780.3	23	1497	chr21	21	45647646	2298	rs15927	0|1	rs15927	0.2555	21	45647646	rs15927	18	21	39	0.5384615384615384	N	N	Y	Y
ENSG00000160223.12	ENST00000407780.3	29	1496	chr21	21	45647202	2742	rs4819387	1|0	rs4819387	0.4563	21	45647202	rs4819387	7	22	29	0.7586206896551724	N	N	Y	Y
ENSG00000160223.12	ENST00000407780.3	42	1495	chr21	21	45646256	3688	rs4818890	1|0	rs4818890	0.4394	21	45646256	rs4818890	9	16	25	0.64	N	N	Y	Y
ENSG00000160223.12	ENST00000407780.3	44	1494	chr21	21	45646131	3813	rs9976552	0|1	rs9976552	0.2525	21	45646131	rs9976552	14	12	26	0.4615384615384616	N	N	Y	Y
ENSG00000160223.12	ENST00000407780.3	45	1493	chr21	21	45646010	3934	rs1008537	0|1	rs1008537	0.2565	21	45646010	rs1008537	12	12	24	0.5	N	N	Y	Y
ENSG00000160223.12	ENST00000407780.3	80	1492	chr21	21	45643396	6548	rs2298565	0|1	rs2298565	0.5567	21	45643396	rs2298565	33	24	57	0.42105263157894735	N	N	Y	Y
ENSG00000160226.11	ENST00000339818.4	0	1541	chr21	21	45749141	1791	rs79299307	0|1	rs79299307	0.0209	21	45749141	rs79299307	4	2	6	0.3333333333333333	N	N	Y	Y
ENSG00000160255.12	ENST00000302347.5	0	1614	chr21	21	46313442	1332	rs2230529	1|0	rs2230529	0.2505	21	46313442	rs2230529	117	123	240	0.5125	N	N	Y	Y
ENSG00000160255.12	ENST00000302347.5	17	1615	chr21	21	46306138	2626	rs1160263	0|1	rs1160263	0.1948	21	46306138	rs1160263	241	0	241	0.0	N	N	Y	Y
ENSG00000160255.12	ENST00000355153.4	0	1607	chr21	21	46313442	1287	rs2230529	1|0	rs2230529	0.2505	21	46313442	rs2230529	117	123	240	0.5125	N	N	Y	Y
ENSG00000160255.12	ENST00000355153.4	17	1608	chr21	21	46306138	2581	rs1160263	0|1	rs1160263	0.1948	21	46306138	rs1160263	241	0	241	0.0	N	N	Y	Y
ENSG00000160255.12	ENST00000397850.2	0	1610	chr21	21	46313442	1552	rs2230529	1|0	rs2230529	0.2505	21	46313442	rs2230529	117	123	240	0.5125	N	N	Y	Y
ENSG00000160255.12	ENST00000397850.2	17	1611	chr21	21	46306138	2846	rs1160263	0|1	rs1160263	0.1948	21	46306138	rs1160263	241	0	241	0.0	N	N	Y	Y
ENSG00000160255.12	ENST00000397852.1	0	1597	chr21	21	46313442	1143	rs2230529	1|0	rs2230529	0.2505	21	46313442	rs2230529	117	123	240	0.5125	N	N	Y	Y
ENSG00000160255.12	ENST00000397852.1	17	1598	chr21	21	46306138	2437	rs1160263	0|1	rs1160263	0.1948	21	46306138	rs1160263	241	0	241	0.0	N	N	Y	Y
ENSG00000160255.12	ENST00000397854.3	0	1601	chr21	21	46313442	966	rs2230529	1|0	rs2230529	0.2505	21	46313442	rs2230529	117	123	240	0.5125	N	N	Y	Y
ENSG00000160255.12	ENST00000397854.3	17	1602	chr21	21	46306138	2260	rs1160263	0|1	rs1160263	0.1948	21	46306138	rs1160263	241	0	241	0.0	N	N	Y	Y
ENSG00000160255.12	ENST00000397857.1	0	1599	chr21	21	46313442	1187	rs2230529	1|0	rs2230529	0.2505	21	46313442	rs2230529	117	123	240	0.5125	N	N	Y	Y
ENSG00000160255.12	ENST00000397857.1	17	1600	chr21	21	46306138	2481	rs1160263	0|1	rs1160263	0.1948	21	46306138	rs1160263	241	0	241	0.0	N	N	Y	Y
ENSG00000160255.12	ENST00000475170.1	0	1595	chr21	21	46313442	499	rs2230529	1|0	rs2230529	0.2505	21	46313442	rs2230529	117	123	240	0.5125	N	N	Y	Y
ENSG00000160255.12	ENST00000475170.1	18	1596	chr21	21	46306138	1853	rs1160263	0|1	rs1160263	0.1948	21	46306138	rs1160263	241	0	241	0.0	N	N	Y	Y
ENSG00000160255.12	ENST00000498666.1	0	1603	chr21	21	46313442	2668	rs2230529	1|0	rs2230529	0.2505	21	46313442	rs2230529	117	123	240	0.5125	N	N	Y	Y
ENSG00000160255.12	ENST00000498666.1	24	1606	chr21	21	46306138	4509	rs1160263	0|1	rs1160263	0.1948	21	46306138	rs1160263	241	0	241	0.0	N	N	Y	Y
ENSG00000160255.12	ENST00000523323.1	0	1612	chr21	21	46313442	1177	rs2230529	1|0	rs2230529	0.2505	21	46313442	rs2230529	117	123	240	0.5125	N	N	Y	Y
ENSG00000160255.12	ENST00000523323.1	18	1613	chr21	21	46306138	2531	rs1160263	0|1	rs1160263	0.1948	21	46306138	rs1160263	241	0	241	0.0	N	N	Y	Y
ENSG00000160256.8	ENST00000485207.1	0	1640	chr21	21	46393090	120	rs3827260	0|1	rs3827260	0.6382	21	46393090	rs3827260	0	1	1	1.0	N	N	Y	Y
ENSG00000160285.10	ENST00000356396.4	0	1788	chr21	21	47635627	939	rs9980968	1|0	rs9980968	0.4235	21	47635627	rs9980968	40	38	78	0.4871794871794872	N	N	Y	Y
ENSG00000160285.10	ENST00000356396.4	14	1789	chr21	21	47614469	1999	rs2254524	1|0	rs2254524	0.6809	21	47614469	rs2254524	38	44	82	0.5365853658536586	N	N	Y	Y
ENSG00000160285.10	ENST00000356396.4	18	1790	chr21	21	47608580	2339	rs2968	1|0	rs2968	0.6123	21	47608580	rs2968	3	2	5	0.4	N	N	Y	Y
ENSG00000160285.10	ENST00000397728.3	0	1798	chr21	21	47635627	941	rs9980968	1|0	rs9980968	0.4235	21	47635627	rs9980968	40	38	78	0.4871794871794872	N	N	Y	Y
ENSG00000160285.10	ENST00000397728.3	14	1799	chr21	21	47614469	2001	rs2254524	1|0	rs2254524	0.6809	21	47614469	rs2254524	38	44	82	0.5365853658536586	N	N	Y	Y
ENSG00000160285.10	ENST00000397728.3	28	1804	chr21	21	47610066	3099	rs2330408	1|0	rs2330408	0.674	21	47610066	rs2330408	46	34	80	0.425	N	N	Y	Y
ENSG00000160285.10	ENST00000397728.3	33	1803	chr21	21	47609677	3488	rs914247	1|0	rs914247	0.6729999999999999	21	47609677	rs914247	70	84	154	0.5454545454545454	N	N	Y	Y
ENSG00000160285.10	ENST00000397728.3	36	1802	chr21	21	47609510	3655	rs9717	1|0	rs9717	0.6809	21	47609510	rs9717	73	65	138	0.4710144927536232	N	N	Y	Y
ENSG00000160285.10	ENST00000397728.3	48	1800	chr21	21	47608580	4585	rs2968	1|0	rs2968	0.6123	21	47608580	rs2968	3	2	5	0.4	N	N	Y	Y
ENSG00000160285.10	ENST00000419093.1	0	1805	chr21	21	47614469	24	rs2254524	1|0	rs2254524	0.6809	21	47614469	rs2254524	38	44	82	0.5365853658536586	N	N	Y	Y
ENSG00000160285.10	ENST00000464357.1	0	1817	chr21	21	47635627	1011	rs9980968	1|0	rs9980968	0.4235	21	47635627	rs9980968	40	38	78	0.4871794871794872	N	N	Y	Y
ENSG00000160285.10	ENST00000474319.1	0	1814	chr21	21	47610066	2572	rs2330408	1|0	rs2330408	0.674	21	47610066	rs2330408	46	34	80	0.425	N	N	Y	Y
ENSG00000160285.10	ENST00000474319.1	5	1813	chr21	21	47609677	2961	rs914247	1|0	rs914247	0.6729999999999999	21	47609677	rs914247	70	84	154	0.5454545454545454	N	N	Y	Y
ENSG00000160285.10	ENST00000474319.1	7	1812	chr21	21	47609510	3128	rs9717	1|0	rs9717	0.6809	21	47609510	rs9717	73	65	138	0.4710144927536232	N	N	Y	Y
ENSG00000160285.10	ENST00000491729.1	0	1797	chr21	21	47608580	1921	rs2968	1|0	rs2968	0.6123	21	47608580	rs2968	3	2	5	0.4	N	N	Y	Y
ENSG00000160285.10	ENST00000522411.1	0	1815	chr21	21	47635627	865	rs9980968	1|0	rs9980968	0.4235	21	47635627	rs9980968	40	38	78	0.4871794871794872	N	N	Y	Y
ENSG00000160285.10	ENST00000522411.1	14	1816	chr21	21	47614469	1925	rs2254524	1|0	rs2254524	0.6809	21	47614469	rs2254524	38	44	82	0.5365853658536586	N	N	Y	Y
ENSG00000160294.6	ENST00000397708.1	0	1852	chr21	21	47676711	4177	rs2839173	0|1	rs2839173	0.3598	21	47676711	rs2839173	34	40	74	0.5405405405405406	N	N	Y	Y
ENSG00000160294.6	ENST00000467026.1	0	1842	chr21	21	47676711	515	rs2839173	0|1	rs2839173	0.3598	21	47676711	rs2839173	34	40	74	0.5405405405405406	N	N	Y	Y
ENSG00000160294.6	ENST00000481113.1	0	1853	chr21	21	47676711	188	rs2839173	0|1	rs2839173	0.3598	21	47676711	rs2839173	34	40	74	0.5405405405405406	N	N	Y	Y
ENSG00000160294.6	ENST00000486937.1	0	1847	chr21	21	47676711	2214	rs2839173	0|1	rs2839173	0.3598	21	47676711	rs2839173	34	40	74	0.5405405405405406	N	N	Y	Y
ENSG00000160294.6	ENST00000494755.1	0	1854	chr21	21	47676711	346	rs2839173	0|1	rs2839173	0.3598	21	47676711	rs2839173	34	40	74	0.5405405405405406	N	N	Y	Y
ENSG00000160294.6	ENST00000496607.1	0	1844	chr21	21	47676711	1919	rs2839173	0|1	rs2839173	0.3598	21	47676711	rs2839173	34	40	74	0.5405405405405406	N	N	Y	Y
ENSG00000160298.13	ENST00000291691.7	0	1876	chr21	21	47734659	1715	rs13047478	0|1	rs13047478	0.33	21	47734659	rs13047478	7	5	12	0.4166666666666667	N	N	Y	Y
ENSG00000160298.13	ENST00000291691.7	12	1877	chr21	21	47721228	2636	rs11089057	1|0	rs11089057	0.2068	21	47721228	rs11089057	10	7	17	0.4117647058823529	N	N	Y	Y
ENSG00000160298.13	ENST00000397679.1	0	1878	chr21	21	47734659	1644	rs13047478	0|1	rs13047478	0.33	21	47734659	rs13047478	7	5	12	0.4166666666666667	N	N	Y	Y
ENSG00000160298.13	ENST00000397679.1	12	1879	chr21	21	47721228	2565	rs11089057	1|0	rs11089057	0.2068	21	47721228	rs11089057	10	7	17	0.4117647058823529	N	N	Y	Y
ENSG00000160298.13	ENST00000397680.1	0	1880	chr21	21	47734659	1368	rs13047478	0|1	rs13047478	0.33	21	47734659	rs13047478	7	5	12	0.4166666666666667	N	N	Y	Y
ENSG00000160298.13	ENST00000397680.1	12	1881	chr21	21	47721228	2289	rs11089057	1|0	rs11089057	0.2068	21	47721228	rs11089057	10	7	17	0.4117647058823529	N	N	Y	Y
ENSG00000160298.13	ENST00000397682.3	0	1874	chr21	21	47734659	1964	rs13047478	0|1	rs13047478	0.33	21	47734659	rs13047478	7	5	12	0.4166666666666667	N	N	Y	Y
ENSG00000160298.13	ENST00000397682.3	8	1875	chr21	21	47721228	2602	rs11089057	1|0	rs11089057	0.2068	21	47721228	rs11089057	10	7	17	0.4117647058823529	N	N	Y	Y
ENSG00000160298.13	ENST00000397683.1	0	1872	chr21	21	47734659	916	rs13047478	0|1	rs13047478	0.33	21	47734659	rs13047478	7	5	12	0.4166666666666667	N	N	Y	Y
ENSG00000160298.13	ENST00000417060.1	0	1873	chr21	21	47734659	464	rs13047478	0|1	rs13047478	0.33	21	47734659	rs13047478	7	5	12	0.4166666666666667	N	N	Y	Y
ENSG00000160298.13	ENST00000491666.1	0	1871	chr21	21	47734659	464	rs13047478	0|1	rs13047478	0.33	21	47734659	rs13047478	7	5	12	0.4166666666666667	N	N	Y	Y
ENSG00000160299.12	ENST00000359568.5	0	1882	chr21	21	47773103	1595	rs2249057	1|0	rs2249057	0.3449	21	47773103	rs2249057	9	7	16	0.4375	N	N	Y	Y
ENSG00000160299.12	ENST00000359568.5	35	1883	chr21	21	47811272	4250	rs3737438	1|0	rs3737438	0.3907	21	47811272	rs3737438	9	12	21	0.5714285714285714	N	N	Y	Y
ENSG00000160299.12	ENST00000359568.5	70	1884	chr21	21	47836651	6872	rs200610141	1|0	rs200610141	0.001	21	47836651	rs200610141	5	7	12	0.5833333333333334	N	N	Y	Y
ENSG00000160299.12	ENST00000359568.5	85	1886	chr21	21	47850484	8030	rs2070426	1|0	rs2070426	0.5586	21	47850484	rs2070426	6	17	23	0.7391304347826086	N	N	Y	Y
ENSG00000160299.12	ENST00000359568.5	91	1887	chr21	21	47851753	8428	rs2073376	1|0	rs2073376	0.6511	21	47851753	rs2073376	19	16	35	0.4571428571428571	N	N	Y	Y
ENSG00000160299.12	ENST00000359568.5	109	1888	chr21	21	47863757	9788	rs2073380	1|0	rs2073380	0.2157	21	47863757	rs2073380	19	17	36	0.4722222222222222	N	N	Y	Y
ENSG00000160299.12	ENST00000466474.1	0	1897	chr21	21	47773103	781	rs2249057	1|0	rs2249057	0.3449	21	47773103	rs2249057	9	7	16	0.4375	N	N	Y	Y
ENSG00000160299.12	ENST00000480896.1	0	1890	chr21	21	47773103	1811	rs2249057	1|0	rs2249057	0.3449	21	47773103	rs2249057	9	7	16	0.4375	N	N	Y	Y
ENSG00000160299.12	ENST00000480896.1	35	1891	chr21	21	47811272	4466	rs3737438	1|0	rs3737438	0.3907	21	47811272	rs3737438	9	12	21	0.5714285714285714	N	N	Y	Y
ENSG00000160299.12	ENST00000480896.1	70	1892	chr21	21	47836651	7088	rs200610141	1|0	rs200610141	0.001	21	47836651	rs200610141	5	7	12	0.5833333333333334	N	N	Y	Y
ENSG00000160299.12	ENST00000480896.1	85	1894	chr21	21	47850484	8246	rs2070426	1|0	rs2070426	0.5586	21	47850484	rs2070426	6	17	23	0.7391304347826086	N	N	Y	Y
ENSG00000160299.12	ENST00000480896.1	91	1895	chr21	21	47851753	8644	rs2073376	1|0	rs2073376	0.6511	21	47851753	rs2073376	19	16	35	0.4571428571428571	N	N	Y	Y
ENSG00000160299.12	ENST00000480896.1	106	1896	chr21	21	47863757	9767	rs2073380	1|0	rs2073380	0.2157	21	47863757	rs2073380	19	17	36	0.4722222222222222	N	N	Y	Y
ENSG00000160299.12	ENST00000482575.1	0	1899	chr21	21	47851753	382	rs2073376	1|0	rs2073376	0.6511	21	47851753	rs2073376	19	16	35	0.4571428571428571	N	N	Y	Y
ENSG00000160299.12	ENST00000483844.1	0	1898	chr21	21	47773103	597	rs2249057	1|0	rs2249057	0.3449	21	47773103	rs2249057	9	7	16	0.4375	N	N	Y	Y
ENSG00000173638.14	ENST00000468508.1	0	1735	chr21	21	46932328	1381	rs7499	0|1	rs7499	0.3996	21	46932328	rs7499	1	2	3	0.6666666666666666	N	N	Y	Y
ENSG00000180530.5	ENST00000400199.1	0	107	chr21	21	16336804	838	rs1056930	0|1	rs1056930	0.6183	21	16336804	rs1056930	3	6	9	0.6666666666666666	N	N	Y	Y
ENSG00000180530.5	ENST00000400199.1	17	106	chr21	21	16335515	2127	rs1041403	0|1	rs1041403	0.3131	21	16335515	rs1041403	9	9	18	0.5	N	N	Y	Y
ENSG00000180530.5	ENST00000400199.1	24	105	chr21	21	16334963	2679	rs2822988	0|1	rs2822988	0.3151	21	16334963	rs2822988	8	9	17	0.5294117647058824	N	N	Y	Y
ENSG00000180530.5	ENST00000400202.1	0	110	chr21	21	16336804	947	rs1056930	0|1	rs1056930	0.6183	21	16336804	rs1056930	3	6	9	0.6666666666666666	N	N	Y	Y
ENSG00000180530.5	ENST00000400202.1	17	109	chr21	21	16335515	2236	rs1041403	0|1	rs1041403	0.3131	21	16335515	rs1041403	9	9	18	0.5	N	N	Y	Y
ENSG00000180530.5	ENST00000400202.1	24	108	chr21	21	16334963	2788	rs2822988	0|1	rs2822988	0.3151	21	16334963	rs2822988	8	9	17	0.5294117647058824	N	N	Y	Y
ENSG00000182093.10	ENST00000476914.1	0	1001	chr21	21	40800371	378	rs2837029	0|1	rs2837029	0.2157	21	40800371	rs2837029	1	0	1	0.0	N	N	Y	Y
ENSG00000182093.10	ENST00000478273.1	0	1000	chr21	21	40800371	283	rs2837029	0|1	rs2837029	0.2157	21	40800371	rs2837029	1	0	1	0.0	N	N	Y	Y
ENSG00000182093.10	ENST00000480690.1	0	1002	chr21	21	40800371	238	rs2837029	0|1	rs2837029	0.2157	21	40800371	rs2837029	1	0	1	0.0	N	N	Y	Y
ENSG00000182240.11	ENST00000328735.6	0	1083	chr21	21	42622786	1243	rs1046210	0|1	rs1046210	0.3797	21	42622786	rs1046210	7	5	12	0.4166666666666667	N	N	Y	Y
ENSG00000182240.11	ENST00000328735.6	7	1084	chr21	21	42647821	1809	rs12149	0|1	rs12149	0.4622	21	42647821	rs12149	1	3	4	0.75	N	N	Y	Y
ENSG00000182240.11	ENST00000330333.6	0	1081	chr21	21	42622786	1243	rs1046210	0|1	rs1046210	0.3797	21	42622786	rs1046210	7	5	12	0.4166666666666667	N	N	Y	Y
ENSG00000182240.11	ENST00000330333.6	9	1082	chr21	21	42647821	1978	rs12149	0|1	rs12149	0.4622	21	42647821	rs12149	1	3	4	0.75	N	N	Y	Y
ENSG00000182240.11	ENST00000347667.5	0	1085	chr21	21	42647821	1828	rs12149	0|1	rs12149	0.4622	21	42647821	rs12149	1	3	4	0.75	N	N	Y	Y
ENSG00000182240.11	ENST00000463674.1	0	1103	chr21	21	42622786	548	rs1046210	0|1	rs1046210	0.3797	21	42622786	rs1046210	7	5	12	0.4166666666666667	N	N	Y	Y
ENSG00000182240.11	ENST00000465326.1	0	1102	chr21	21	42622786	728	rs1046210	0|1	rs1046210	0.3797	21	42622786	rs1046210	7	5	12	0.4166666666666667	N	N	Y	Y
ENSG00000182240.11	ENST00000466122.1	0	1100	chr21	21	42622786	797	rs1046210	0|1	rs1046210	0.3797	21	42622786	rs1046210	7	5	12	0.4166666666666667	N	N	Y	Y
ENSG00000182240.11	ENST00000466122.1	9	1101	chr21	21	42647821	1532	rs12149	0|1	rs12149	0.4622	21	42647821	rs12149	1	3	4	0.75	N	N	Y	Y
ENSG00000182240.11	ENST00000487994.1	0	1099	chr21	21	42622786	772	rs1046210	0|1	rs1046210	0.3797	21	42622786	rs1046210	7	5	12	0.4166666666666667	N	N	Y	Y
ENSG00000182362.9	ENST00000329319.3	0	1865	chr21	21	47706297	0	rs2298699	1|0	rs2298699	0.4105	21	47706297	rs2298699	12	6	18	0.3333333333333333	N	N	Y	Y
ENSG00000182362.9	ENST00000329319.3	3	1866	chr21	21	47706535	238	rs17176110	0|1	rs17176110	0.3638	21	47706535	rs17176110	1	2	3	0.6666666666666666	N	N	Y	Y
ENSG00000182362.9	ENST00000339195.6	0	1867	chr21	21	47706297	0	rs2298699	1|0	rs2298699	0.4105	21	47706297	rs2298699	12	6	18	0.3333333333333333	N	N	Y	Y
ENSG00000182362.9	ENST00000339195.6	3	1868	chr21	21	47706535	238	rs17176110	0|1	rs17176110	0.3638	21	47706535	rs17176110	1	2	3	0.6666666666666666	N	N	Y	Y
ENSG00000182362.9	ENST00000397692.1	0	1869	chr21	21	47706297	0	rs2298699	1|0	rs2298699	0.4105	21	47706297	rs2298699	12	6	18	0.3333333333333333	N	N	Y	Y
ENSG00000182362.9	ENST00000397694.1	0	1864	chr21	21	47706297	0	rs2298699	1|0	rs2298699	0.4105	21	47706297	rs2298699	12	6	18	0.3333333333333333	N	N	Y	Y
ENSG00000182362.9	ENST00000397701.4	0	1862	chr21	21	47706297	47	rs2298699	1|0	rs2298699	0.4105	21	47706297	rs2298699	12	6	18	0.3333333333333333	N	N	Y	Y
ENSG00000182362.9	ENST00000468924.1	0	1863	chr21	21	47706297	29	rs2298699	1|0	rs2298699	0.4105	21	47706297	rs2298699	12	6	18	0.3333333333333333	N	N	Y	Y
ENSG00000182362.9	ENST00000492864.1	0	1870	chr21	21	47706535	168	rs17176110	0|1	rs17176110	0.3638	21	47706535	rs17176110	1	2	3	0.6666666666666666	N	N	Y	Y
ENSG00000182670.9	ENST00000354749.2	0	786	chr21	21	38563725	-1	rs2835655	1|0	rs2835655	0.3439	21	38563725	rs2835655	28	17	45	0.37777777777777777	N	N	Y	Y
ENSG00000182670.9	ENST00000354749.2	41	784	chr21	21	38512956	3079	rs1133001	1|0	rs1133001	0.4642	21	38512956	rs1133001	20	19	39	0.4871794871794872	N	N	Y	Y
ENSG00000182670.9	ENST00000354749.2	51	785	chr21	21	38525356	3843	rs1053808	1|0	rs1053808	0.505	21	38525356	rs1053808	38	23	61	0.3770491803278688	N	N	Y	Y
ENSG00000182670.9	ENST00000354749.2	87	787	chr21	21	38568009	6575	rs1053966	1|0	rs1053966	0.5129	21	38568009	rs1053966	40	40	80	0.5	N	N	Y	Y
ENSG00000182670.9	ENST00000354749.2	91	788	chr21	21	38568308	6874	rs6579	1|0	rs6579	0.4642	21	38568308	rs6579	60	53	113	0.4690265486725664	N	N	Y	Y
ENSG00000182670.9	ENST00000354749.2	100	789	chr21	21	38574018	7545	rs1053984	1|0	rs1053984	0.503	21	38574018	rs1053984	77	34	111	0.3063063063063063	N	N	Y	Y
ENSG00000182670.9	ENST00000354749.2	109	791	chr21	21	38574675	8202	rs1063949	1|0	rs1063949	0.4602	21	38574675	rs1063949	70	47	117	0.4017094017094017	N	N	Y	Y
ENSG00000182670.9	ENST00000355666.1	0	752	chr21	21	38563725	-1	rs2835655	1|0	rs2835655	0.3439	21	38563725	rs2835655	28	17	45	0.37777777777777777	N	N	Y	Y
ENSG00000182670.9	ENST00000355666.1	22	750	chr21	21	38512956	1716	rs1133001	1|0	rs1133001	0.4642	21	38512956	rs1133001	20	19	39	0.4871794871794872	N	N	Y	Y
ENSG00000182670.9	ENST00000355666.1	33	751	chr21	21	38525356	2480	rs1053808	1|0	rs1053808	0.505	21	38525356	rs1053808	38	23	61	0.3770491803278688	N	N	Y	Y
ENSG00000182670.9	ENST00000355666.1	69	753	chr21	21	38568009	5212	rs1053966	1|0	rs1053966	0.5129	21	38568009	rs1053966	40	40	80	0.5	N	N	Y	Y
ENSG00000182670.9	ENST00000355666.1	73	754	chr21	21	38568308	5511	rs6579	1|0	rs6579	0.4642	21	38568308	rs6579	60	53	113	0.4690265486725664	N	N	Y	Y
ENSG00000182670.9	ENST00000355666.1	82	755	chr21	21	38574018	6182	rs1053984	1|0	rs1053984	0.503	21	38574018	rs1053984	77	34	111	0.3063063063063063	N	N	Y	Y
ENSG00000182670.9	ENST00000355666.1	91	757	chr21	21	38574675	6839	rs1063949	1|0	rs1063949	0.4602	21	38574675	rs1063949	70	47	117	0.4017094017094017	N	N	Y	Y
ENSG00000182670.9	ENST00000399017.2	0	771	chr21	21	38563725	-1	rs2835655	1|0	rs2835655	0.3439	21	38563725	rs2835655	28	17	45	0.37777777777777777	N	N	Y	Y
ENSG00000182670.9	ENST00000399017.2	5	763	chr21	21	38454339	444	rs9976621	0|1	rs9976621	0.5258	21	38454339	rs9976621	2	0	2	0.0	N	N	Y	Y
ENSG00000182670.9	ENST00000399017.2	7	764	chr21	21	38454456	561	rs9977232	0|1	rs9977232	0.5258	21	38454456	rs9977232	1	1	2	0.5	N	N	Y	Y
ENSG00000182670.9	ENST00000399017.2	19	766	chr21	21	38455324	1429	rs2835574	0|1	rs2835574	0.5258	21	38455324	rs2835574	0	2	2	1.0	N	N	Y	Y
ENSG00000182670.9	ENST00000399017.2	27	767	chr21	21	38455936	2041	rs2835575	0|1	rs2835575	0.5258	21	38455936	rs2835575	0	3	3	1.0	N	N	Y	Y
ENSG00000182670.9	ENST00000399017.2	28	768	chr21	21	38455999	2104	rs28666643	0|1	rs28666643	0.4761	21	38455999	rs28666643	0	1	1	1.0	N	N	Y	Y
ENSG00000182670.9	ENST00000399017.2	58	769	chr21	21	38512956	4358	rs1133001	1|0	rs1133001	0.4642	21	38512956	rs1133001	20	19	39	0.4871794871794872	N	N	Y	Y
ENSG00000182670.9	ENST00000399017.2	68	770	chr21	21	38525356	5122	rs1053808	1|0	rs1053808	0.505	21	38525356	rs1053808	38	23	61	0.3770491803278688	N	N	Y	Y
ENSG00000182670.9	ENST00000399017.2	104	772	chr21	21	38568009	7854	rs1053966	1|0	rs1053966	0.5129	21	38568009	rs1053966	40	40	80	0.5	N	N	Y	Y
ENSG00000182670.9	ENST00000399017.2	108	773	chr21	21	38568308	8153	rs6579	1|0	rs6579	0.4642	21	38568308	rs6579	60	53	113	0.4690265486725664	N	N	Y	Y
ENSG00000182670.9	ENST00000399017.2	117	774	chr21	21	38574018	8824	rs1053984	1|0	rs1053984	0.503	21	38574018	rs1053984	77	34	111	0.3063063063063063	N	N	Y	Y
ENSG00000182670.9	ENST00000399017.2	126	776	chr21	21	38574675	9481	rs1063949	1|0	rs1063949	0.4602	21	38574675	rs1063949	70	47	117	0.4017094017094017	N	N	Y	Y
ENSG00000182670.9	ENST00000414818.1	0	816	chr21	21	38525356	610	rs1053808	1|0	rs1053808	0.505	21	38525356	rs1053808	38	23	61	0.3770491803278688	N	N	Y	Y
ENSG00000182670.9	ENST00000418766.1	0	743	chr21	21	38512956	1845	rs1133001	1|0	rs1133001	0.4642	21	38512956	rs1133001	20	19	39	0.4871794871794872	N	N	Y	Y
ENSG00000182670.9	ENST00000418766.1	10	744	chr21	21	38525356	2609	rs1053808	1|0	rs1053808	0.505	21	38525356	rs1053808	38	23	61	0.3770491803278688	N	N	Y	Y
ENSG00000182670.9	ENST00000428693.1	0	817	chr21	21	38563725	-1	rs2835655	1|0	rs2835655	0.3439	21	38563725	rs2835655	28	17	45	0.37777777777777777	N	N	Y	Y
ENSG00000182670.9	ENST00000428693.1	1	818	chr21	21	38568009	125	rs1053966	1|0	rs1053966	0.5129	21	38568009	rs1053966	40	40	80	0.5	N	N	Y	Y
ENSG00000182670.9	ENST00000428693.1	5	819	chr21	21	38568308	424	rs6579	1|0	rs6579	0.4642	21	38568308	rs6579	60	53	113	0.4690265486725664	N	N	Y	Y
ENSG00000182670.9	ENST00000438055.1	0	748	chr21	21	38512956	1666	rs1133001	1|0	rs1133001	0.4642	21	38512956	rs1133001	20	19	39	0.4871794871794872	N	N	Y	Y
ENSG00000182670.9	ENST00000438055.1	10	749	chr21	21	38525356	2430	rs1053808	1|0	rs1053808	0.505	21	38525356	rs1053808	38	23	61	0.3770491803278688	N	N	Y	Y
ENSG00000182670.9	ENST00000450533.1	0	747	chr21	21	38512956	1720	rs1133001	1|0	rs1133001	0.4642	21	38512956	rs1133001	20	19	39	0.4871794871794872	N	N	Y	Y
ENSG00000182670.9	ENST00000476784.1	0	809	chr21	21	38563725	-1	rs2835655	1|0	rs2835655	0.3439	21	38563725	rs2835655	28	17	45	0.37777777777777777	N	N	Y	Y
ENSG00000182670.9	ENST00000476784.1	20	807	chr21	21	38512956	1564	rs1133001	1|0	rs1133001	0.4642	21	38512956	rs1133001	20	19	39	0.4871794871794872	N	N	Y	Y
ENSG00000182670.9	ENST00000476784.1	31	808	chr21	21	38525356	2328	rs1053808	1|0	rs1053808	0.505	21	38525356	rs1053808	38	23	61	0.3770491803278688	N	N	Y	Y
ENSG00000182670.9	ENST00000476784.1	67	810	chr21	21	38568009	5060	rs1053966	1|0	rs1053966	0.5129	21	38568009	rs1053966	40	40	80	0.5	N	N	Y	Y
ENSG00000182670.9	ENST00000476784.1	71	811	chr21	21	38568308	5359	rs6579	1|0	rs6579	0.4642	21	38568308	rs6579	60	53	113	0.4690265486725664	N	N	Y	Y
ENSG00000182670.9	ENST00000476784.1	80	812	chr21	21	38574018	6030	rs1053984	1|0	rs1053984	0.503	21	38574018	rs1053984	77	34	111	0.3063063063063063	N	N	Y	Y
ENSG00000182670.9	ENST00000476784.1	89	814	chr21	21	38574675	6687	rs1063949	1|0	rs1063949	0.4602	21	38574675	rs1063949	70	47	117	0.4017094017094017	N	N	Y	Y
ENSG00000182670.9	ENST00000479930.1	0	796	chr21	21	38563725	-1	rs2835655	1|0	rs2835655	0.3439	21	38563725	rs2835655	28	17	45	0.37777777777777777	N	N	Y	Y
ENSG00000182670.9	ENST00000479930.1	41	794	chr21	21	38512956	3137	rs1133001	1|0	rs1133001	0.4642	21	38512956	rs1133001	20	19	39	0.4871794871794872	N	N	Y	Y
ENSG00000182670.9	ENST00000479930.1	52	795	chr21	21	38525356	3901	rs1053808	1|0	rs1053808	0.505	21	38525356	rs1053808	38	23	61	0.3770491803278688	N	N	Y	Y
ENSG00000182670.9	ENST00000479930.1	88	797	chr21	21	38568009	6633	rs1053966	1|0	rs1053966	0.5129	21	38568009	rs1053966	40	40	80	0.5	N	N	Y	Y
ENSG00000182670.9	ENST00000479930.1	92	798	chr21	21	38568308	6932	rs6579	1|0	rs6579	0.4642	21	38568308	rs6579	60	53	113	0.4690265486725664	N	N	Y	Y
ENSG00000182670.9	ENST00000479930.1	101	799	chr21	21	38574018	7603	rs1053984	1|0	rs1053984	0.503	21	38574018	rs1053984	77	34	111	0.3063063063063063	N	N	Y	Y
ENSG00000182670.9	ENST00000479930.1	110	801	chr21	21	38574675	8260	rs1063949	1|0	rs1063949	0.4602	21	38574675	rs1063949	70	47	117	0.4017094017094017	N	N	Y	Y
ENSG00000182670.9	ENST00000481605.1	0	759	chr21	21	38512956	944	rs1133001	1|0	rs1133001	0.4642	21	38512956	rs1133001	20	19	39	0.4871794871794872	N	N	Y	Y
ENSG00000182670.9	ENST00000484047.1	0	778	chr21	21	38455936	11	rs2835575	0|1	rs2835575	0.5258	21	38455936	rs2835575	0	3	3	1.0	N	N	Y	Y
ENSG00000182670.9	ENST00000485402.1	0	745	chr21	21	38512956	1830	rs1133001	1|0	rs1133001	0.4642	21	38512956	rs1133001	20	19	39	0.4871794871794872	N	N	Y	Y
ENSG00000182670.9	ENST00000485402.1	10	746	chr21	21	38525356	2594	rs1053808	1|0	rs1053808	0.505	21	38525356	rs1053808	38	23	61	0.3770491803278688	N	N	Y	Y
ENSG00000182670.9	ENST00000488522.1	0	820	chr21	21	38568009	332	rs1053966	1|0	rs1053966	0.5129	21	38568009	rs1053966	40	40	80	0.5	N	N	Y	Y
ENSG00000182670.9	ENST00000488522.1	3	821	chr21	21	38568308	631	rs6579	1|0	rs6579	0.4642	21	38568308	rs6579	60	53	113	0.4690265486725664	N	N	Y	Y
ENSG00000182670.9	ENST00000540756.1	0	760	chr21	21	38512956	861	rs1133001	1|0	rs1133001	0.4642	21	38512956	rs1133001	20	19	39	0.4871794871794872	N	N	Y	Y
ENSG00000182670.9	ENST00000540756.1	10	761	chr21	21	38525356	1625	rs1053808	1|0	rs1053808	0.505	21	38525356	rs1053808	38	23	61	0.3770491803278688	N	N	Y	Y
ENSG00000182871.10	ENST00000342220.5	0	1706	chr21	21	46929467	1491	rs1050351	0|1	rs1050351	0.4235	21	46929467	rs1050351	0	1	1	1.0	N	N	Y	Y
ENSG00000182871.10	ENST00000342220.5	7	1707	chr21	21	46932328	2080	rs7499	0|1	rs7499	0.3996	21	46932328	rs7499	1	2	3	0.6666666666666666	N	N	Y	Y
ENSG00000182871.10	ENST00000355480.5	0	1689	chr21	21	46929467	3383	rs1050351	0|1	rs1050351	0.4235	21	46929467	rs1050351	0	1	1	1.0	N	N	Y	Y
ENSG00000182871.10	ENST00000355480.5	7	1690	chr21	21	46932328	3972	rs7499	0|1	rs7499	0.3996	21	46932328	rs7499	1	2	3	0.6666666666666666	N	N	Y	Y
ENSG00000182871.10	ENST00000359759.4	0	1700	chr21	21	46929467	3362	rs1050351	0|1	rs1050351	0.4235	21	46929467	rs1050351	0	1	1	1.0	N	N	Y	Y
ENSG00000182871.10	ENST00000359759.4	7	1701	chr21	21	46932328	3951	rs7499	0|1	rs7499	0.3996	21	46932328	rs7499	1	2	3	0.6666666666666666	N	N	Y	Y
ENSG00000182871.10	ENST00000400337.2	0	1678	chr21	21	46929467	3530	rs1050351	0|1	rs1050351	0.4235	21	46929467	rs1050351	0	1	1	1.0	N	N	Y	Y
ENSG00000182871.10	ENST00000400337.2	7	1679	chr21	21	46932328	4119	rs7499	0|1	rs7499	0.3996	21	46932328	rs7499	1	2	3	0.6666666666666666	N	N	Y	Y
ENSG00000182871.10	ENST00000423214.1	0	1710	chr21	21	46929467	401	rs1050351	0|1	rs1050351	0.4235	21	46929467	rs1050351	0	1	1	1.0	N	N	Y	Y
ENSG00000182871.10	ENST00000473212.1	0	1711	chr21	21	46926054	122	rs2236483	0|1	rs2236483	0.3926	21	46926054	rs2236483	1	0	1	0.0	N	N	Y	Y
ENSG00000182871.10	ENST00000473212.1	3	1712	chr21	21	46926297	365	rs2838950	0|1	rs2838950	0.2584	21	46926297	rs2838950	2	0	2	0.0	N	N	Y	Y
ENSG00000182871.10	ENST00000473212.1	12	1716	chr21	21	46927013	1081	rs12482195	0|1	rs12482195	0.5915	21	46927013	rs12482195	1	0	1	0.0	N	N	Y	Y
ENSG00000182871.10	ENST00000473212.1	22	1718	chr21	21	46929467	1773	rs1050351	0|1	rs1050351	0.4235	21	46929467	rs1050351	0	1	1	1.0	N	N	Y	Y
ENSG00000182871.10	ENST00000473212.1	29	1719	chr21	21	46932328	2362	rs7499	0|1	rs7499	0.3996	21	46932328	rs7499	1	2	3	0.6666666666666666	N	N	Y	Y
ENSG00000183250.7	ENST00000330551.3	0	1637	chr21	21	46355710	491	rs11088971	1|0	rs11088971	0.3598	21	46355710	rs11088971	12	8	20	0.4	N	N	Y	Y
ENSG00000183250.7	ENST00000397841.1	0	1627	chr21	21	46355710	415	rs11088971	1|0	rs11088971	0.3598	21	46355710	rs11088971	12	8	20	0.4	N	N	Y	Y
ENSG00000183250.7	ENST00000397841.1	5	1636	chr21	21	46354055	823	rs9974172	1|0	rs9974172	0.8559	21	46354055	rs9974172	9	11	20	0.55	N	N	Y	Y
ENSG00000183250.7	ENST00000397841.1	6	1635	chr21	21	46353949	929	rs12483718	1|0	rs12483718	0.1899	21	46353949	rs12483718	7	5	12	0.4166666666666667	N	N	Y	Y
ENSG00000183250.7	ENST00000397841.1	9	1634	chr21	21	46353743	1135	rs80246834	0|1	rs80246834	0.0497	21	46353743	rs80246834	11	5	16	0.3125	N	N	Y	Y
ENSG00000183250.7	ENST00000397841.1	10	1633	chr21	21	46353678	1200	rs7282201	1|0	rs7282201	0.1889	21	46353678	rs7282201	8	12	20	0.6	N	N	Y	Y
ENSG00000183250.7	ENST00000397841.1	11	1632	chr21	21	46353637	1241	rs7278544	1|0	rs7278544	0.3628	21	46353637	rs7278544	6	12	18	0.6666666666666666	N	N	Y	Y
ENSG00000183250.7	ENST00000397841.1	15	1631	chr21	21	46353312	1566	rs7283236	1|0	rs7283236	0.3598	21	46353312	rs7283236	9	17	26	0.6538461538461539	N	N	Y	Y
ENSG00000183250.7	ENST00000397841.1	17	1630	chr21	21	46353125	1753	rs7278847	1|0	rs7278847	0.3638	21	46353125	rs7278847	4	2	6	0.3333333333333333	N	N	Y	Y
ENSG00000183421.7	ENST00000332512.3	0	1160	chr21	21	43160582	1677	rs187507566	1|0	rs187507566	0.005	21	43160582	rs187507566	0	1	1	1.0	N	N	Y	Y
ENSG00000183527.7	ENST00000331573.3	0	911	chr21	21	40555351	425	rs13052882	0|1	rs13052882	0.3191	21	40555351	rs13052882	8	25	33	0.7575757575757576	N	N	Y	Y
ENSG00000183527.7	ENST00000331573.3	9	914	chr21	21	40549466	1151	rs14194	0|1	rs14194	0.3171	21	40549466	rs14194	109	117	226	0.5176991150442478	N	N	Y	Y
ENSG00000183527.7	ENST00000380900.2	0	922	chr21	21	40555351	62	rs13052882	0|1	rs13052882	0.3191	21	40555351	rs13052882	8	25	33	0.7575757575757576	N	N	Y	Y
ENSG00000183527.7	ENST00000380900.2	8	923	chr21	21	40549466	725	rs14194	0|1	rs14194	0.3171	21	40549466	rs14194	109	117	226	0.5176991150442478	N	N	Y	Y
ENSG00000183527.7	ENST00000411828.1	0	920	chr21	21	40549466	738	rs14194	0|1	rs14194	0.3171	21	40549466	rs14194	109	117	226	0.5176991150442478	N	N	Y	Y
ENSG00000183527.7	ENST00000431628.1	0	921	chr21	21	40549466	523	rs14194	0|1	rs14194	0.3171	21	40549466	rs14194	109	117	226	0.5176991150442478	N	N	Y	Y
ENSG00000183527.7	ENST00000481921.1	0	918	chr21	21	40549466	402	rs14194	0|1	rs14194	0.3171	21	40549466	rs14194	109	117	226	0.5176991150442478	N	N	Y	Y
ENSG00000184787.14	ENST00000330942.5	0	1591	chr21	21	46191256	563	rs4818975	1|0	rs4818975	0.4294	21	46191256	rs4818975	59	54	113	0.4778761061946903	N	N	Y	Y
ENSG00000184787.14	ENST00000345496.2	0	1581	chr21	21	46191256	693	rs4818975	1|0	rs4818975	0.4294	21	46191256	rs4818975	59	54	113	0.4778761061946903	N	N	Y	Y
ENSG00000184787.14	ENST00000345496.2	1	1580	chr21	21	46191174	775	rs1060564	1|0	rs1060564	0.7227	21	46191174	rs1060564	43	58	101	0.5742574257425742	N	N	Y	Y
ENSG00000184787.14	ENST00000345496.2	5	1579	chr21	21	46190842	1107	rs2838678	1|0	rs2838678	0.4274	21	46190842	rs2838678	54	45	99	0.4545454545454545	N	N	Y	Y
ENSG00000184787.14	ENST00000345496.2	11	1578	chr21	21	46190410	1539	rs1071792	1|0	rs1071792	0.4135	21	46190410	rs1071792	36	28	64	0.4375	N	N	Y	Y
ENSG00000184787.14	ENST00000345496.2	14	1577	chr21	21	46190182	1767	rs235356	1|0	rs235356	0.5666	21	46190182	rs235356	57	43	100	0.43	N	N	Y	Y
ENSG00000184787.14	ENST00000345496.2	21	1576	chr21	21	46189652	2297	rs760432	1|0	rs760432	0.4254	21	46189652	rs760432	61	59	120	0.4916666666666666	N	N	Y	Y
ENSG00000184787.14	ENST00000345496.2	27	1574	chr21	21	46189230	2719	rs8103	1|0	rs8103	0.4254	21	46189230	rs8103	61	79	140	0.5642857142857143	N	N	Y	Y
ENSG00000184787.14	ENST00000345496.2	29	1573	chr21	21	46189094	2855	rs79419717	0|1	rs79419717	0.0398	21	46189094	rs79419717	36	29	65	0.4461538461538462	N	N	Y	Y
ENSG00000184787.14	ENST00000477954.1	0	1587	chr21	21	46191256	663	rs4818975	1|0	rs4818975	0.4294	21	46191256	rs4818975	59	54	113	0.4778761061946903	N	N	Y	Y
ENSG00000184787.14	ENST00000477954.1	1	1586	chr21	21	46191174	745	rs1060564	1|0	rs1060564	0.7227	21	46191174	rs1060564	43	58	101	0.5742574257425742	N	N	Y	Y
ENSG00000184787.14	ENST00000481546.1	0	1561	chr21	21	46195243	107	rs235360	1|0	rs235360	0.7107	21	46195243	rs235360	12	11	23	0.4782608695652174	N	N	Y	Y
ENSG00000184787.14	ENST00000481546.1	12	1560	chr21	21	46194281	1069	rs235358	1|0	rs235358	0.7266	21	46194281	rs235358	3	15	18	0.8333333333333334	N	N	Y	Y
ENSG00000184787.14	ENST00000481546.1	25	1570	chr21	21	46191256	2037	rs4818975	1|0	rs4818975	0.4294	21	46191256	rs4818975	59	54	113	0.4778761061946903	N	N	Y	Y
ENSG00000184787.14	ENST00000481546.1	26	1569	chr21	21	46191174	2119	rs1060564	1|0	rs1060564	0.7227	21	46191174	rs1060564	43	58	101	0.5742574257425742	N	N	Y	Y
ENSG00000184787.14	ENST00000481546.1	31	1568	chr21	21	46190842	2451	rs2838678	1|0	rs2838678	0.4274	21	46190842	rs2838678	54	45	99	0.4545454545454545	N	N	Y	Y
ENSG00000184787.14	ENST00000481546.1	37	1567	chr21	21	46190410	2883	rs1071792	1|0	rs1071792	0.4135	21	46190410	rs1071792	36	28	64	0.4375	N	N	Y	Y
ENSG00000184787.14	ENST00000481546.1	40	1566	chr21	21	46190182	3111	rs235356	1|0	rs235356	0.5666	21	46190182	rs235356	57	43	100	0.43	N	N	Y	Y
ENSG00000184787.14	ENST00000481546.1	47	1565	chr21	21	46189652	3641	rs760432	1|0	rs760432	0.4254	21	46189652	rs760432	61	59	120	0.4916666666666666	N	N	Y	Y
ENSG00000184787.14	ENST00000481546.1	52	1563	chr21	21	46189230	4063	rs8103	1|0	rs8103	0.4254	21	46189230	rs8103	61	79	140	0.5642857142857143	N	N	Y	Y
ENSG00000184787.14	ENST00000481546.1	54	1562	chr21	21	46189094	4199	rs79419717	0|1	rs79419717	0.0398	21	46189094	rs79419717	36	29	65	0.4461538461538462	N	N	Y	Y
ENSG00000184787.14	ENST00000491513.1	0	1589	chr21	21	46191256	661	rs4818975	1|0	rs4818975	0.4294	21	46191256	rs4818975	59	54	113	0.4778761061946903	N	N	Y	Y
ENSG00000184787.14	ENST00000497630.1	0	1584	chr21	21	46191256	521	rs4818975	1|0	rs4818975	0.4294	21	46191256	rs4818975	59	54	113	0.4778761061946903	N	N	Y	Y
ENSG00000184787.14	ENST00000497630.1	1	1583	chr21	21	46191174	603	rs1060564	1|0	rs1060564	0.7227	21	46191174	rs1060564	43	58	101	0.5742574257425742	N	N	Y	Y
ENSG00000185658.9	ENST00000333229.2	0	925	chr21	21	40652142	1190	rs2836972	0|1	rs2836972	0.3171	21	40652142	rs2836972	0	2	2	1.0	N	N	Y	Y
ENSG00000185658.9	ENST00000333229.2	40	926	chr21	21	40584598	4220	rs6517529	0|1	rs6517529	0.9195	21	40584598	rs6517529	3	6	9	0.6666666666666666	N	N	Y	Y
ENSG00000185658.9	ENST00000333229.2	56	927	chr21	21	40571246	5422	rs1041439	0|1	rs1041439	0.9195	21	40571246	rs1041439	4	3	7	0.42857142857142855	N	N	Y	Y
ENSG00000185658.9	ENST00000342449.3	0	932	chr21	21	40652142	941	rs2836972	0|1	rs2836972	0.3171	21	40652142	rs2836972	0	2	2	1.0	N	N	Y	Y
ENSG00000185658.9	ENST00000342449.3	40	933	chr21	21	40584598	3971	rs6517529	0|1	rs6517529	0.9195	21	40584598	rs6517529	3	6	9	0.6666666666666666	N	N	Y	Y
ENSG00000185658.9	ENST00000342449.3	56	934	chr21	21	40571246	5173	rs1041439	0|1	rs1041439	0.9195	21	40571246	rs1041439	4	3	7	0.42857142857142855	N	N	Y	Y
ENSG00000185658.9	ENST00000342449.3	70	939	chr21	21	40567716	6202	rs1065242	0|1	rs1065242	0.3161	21	40567716	rs1065242	5	5	10	0.5	N	N	Y	Y
ENSG00000185658.9	ENST00000342449.3	92	938	chr21	21	40566067	7851	rs3945	0|1	rs3945	0.3151	21	40566067	rs3945	3	2	5	0.4	N	N	Y	Y
ENSG00000185658.9	ENST00000342449.3	113	937	chr21	21	40564464	9454	rs2410104	0|1	rs2410104	0.9195	21	40564464	rs2410104	1	3	4	0.75	N	N	Y	Y
ENSG00000185658.9	ENST00000342449.3	117	936	chr21	21	40564202	9716	rs2836933	0|1	rs2836933	0.3161	21	40564202	rs2836933	1	1	2	0.5	N	N	Y	Y
ENSG00000185658.9	ENST00000342449.3	144	935	chr21	21	40562165	11753	rs2297257	0|1	rs2297257	0.9195	21	40562165	rs2297257	0	1	1	1.0	N	N	Y	Y
ENSG00000185658.9	ENST00000380800.3	0	940	chr21	21	40652142	961	rs2836972	0|1	rs2836972	0.3171	21	40652142	rs2836972	0	2	2	1.0	N	N	Y	Y
ENSG00000185658.9	ENST00000380800.3	40	941	chr21	21	40584598	3991	rs6517529	0|1	rs6517529	0.9195	21	40584598	rs6517529	3	6	9	0.6666666666666666	N	N	Y	Y
ENSG00000185658.9	ENST00000380800.3	56	942	chr21	21	40571246	5193	rs1041439	0|1	rs1041439	0.9195	21	40571246	rs1041439	4	3	7	0.42857142857142855	N	N	Y	Y
ENSG00000185658.9	ENST00000380800.3	83	943	chr21	21	40566067	7253	rs3945	0|1	rs3945	0.3151	21	40566067	rs3945	3	2	5	0.4	N	N	Y	Y
ENSG00000185658.9	ENST00000424441.1	0	944	chr21	21	40584598	848	rs6517529	0|1	rs6517529	0.9195	21	40584598	rs6517529	3	6	9	0.6666666666666666	N	N	Y	Y
ENSG00000185658.9	ENST00000446924.1	0	930	chr21	21	40584598	2125	rs6517529	0|1	rs6517529	0.9195	21	40584598	rs6517529	3	6	9	0.6666666666666666	N	N	Y	Y
ENSG00000185658.9	ENST00000446924.1	16	931	chr21	21	40571246	3327	rs1041439	0|1	rs1041439	0.9195	21	40571246	rs1041439	4	3	7	0.42857142857142855	N	N	Y	Y
ENSG00000185658.9	ENST00000473813.1	0	945	chr21	21	40584598	510	rs6517529	0|1	rs6517529	0.9195	21	40584598	rs6517529	3	6	9	0.6666666666666666	N	N	Y	Y
ENSG00000185808.9	ENST00000329667.3	0	731	chr21	21	38437763	471	rs7337	1|0	rs7337	0.3757	21	38437763	rs7337	4	4	8	0.5	N	N	Y	Y
ENSG00000185808.9	ENST00000360525.4	0	723	chr21	21	38437763	575	rs7337	1|0	rs7337	0.3757	21	38437763	rs7337	4	4	8	0.5	N	N	Y	Y
ENSG00000185808.9	ENST00000360525.4	10	722	chr21	21	38436944	1394	rs17229045	1|0	rs17229045	0.0537	21	38436944	rs17229045	2	0	2	0.0	N	N	Y	Y
ENSG00000185808.9	ENST00000399098.1	0	734	chr21	21	38437763	753	rs7337	1|0	rs7337	0.3757	21	38437763	rs7337	4	4	8	0.5	N	N	Y	Y
ENSG00000185808.9	ENST00000399102.1	0	732	chr21	21	38437763	469	rs7337	1|0	rs7337	0.3757	21	38437763	rs7337	4	4	8	0.5	N	N	Y	Y
ENSG00000185808.9	ENST00000399103.1	0	733	chr21	21	38437763	437	rs7337	1|0	rs7337	0.3757	21	38437763	rs7337	4	4	8	0.5	N	N	Y	Y
ENSG00000185808.9	ENST00000464265.1	0	730	chr21	21	38437763	690	rs7337	1|0	rs7337	0.3757	21	38437763	rs7337	4	4	8	0.5	N	N	Y	Y
ENSG00000185808.9	ENST00000464265.1	10	729	chr21	21	38436944	1509	rs17229045	1|0	rs17229045	0.0537	21	38436944	rs17229045	2	0	2	0.0	N	N	Y	Y
ENSG00000185917.9	ENST00000332131.4	0	644	chr21	21	37410469	1405	rs199557111	0|1	rs199557111	0.001	21	37410469	rs199557111	7	4	11	0.3636363636363637	N	N	Y	Y
ENSG00000185917.9	ENST00000399212.1	0	643	chr21	21	37410469	1524	rs199557111	0|1	rs199557111	0.001	21	37410469	rs199557111	7	4	11	0.3636363636363637	N	N	Y	Y
ENSG00000185917.9	ENST00000399215.1	0	641	chr21	21	37410469	2538	rs199557111	0|1	rs199557111	0.001	21	37410469	rs199557111	7	4	11	0.3636363636363637	N	N	Y	Y
ENSG00000185917.9	ENST00000469482.1	0	647	chr21	21	37410469	512	rs199557111	0|1	rs199557111	0.001	21	37410469	rs199557111	7	4	11	0.3636363636363637	N	N	Y	Y
ENSG00000185917.9	ENST00000481477.1	0	642	chr21	21	37410469	1151	rs199557111	0|1	rs199557111	0.001	21	37410469	rs199557111	7	4	11	0.3636363636363637	N	N	Y	Y
ENSG00000185917.9	ENST00000487297.1	0	646	chr21	21	37410469	1749	rs199557111	0|1	rs199557111	0.001	21	37410469	rs199557111	7	4	11	0.3636363636363637	N	N	Y	Y
ENSG00000186971.2	ENST00000334068.2	0	407	chr21	21	31803210	159	rs1539784	1|0	rs1539784	0.5736	21	31803210	rs1539784	1	0	1	0.0	N	N	Y	Y
ENSG00000188992.7	ENST00000344577.2	0	58	chr21	21	15516948	1378	rs2822432	0|1	rs2822432	0.33	21	15516948	rs2822432	1	0	1	0.0	N	N	Y	Y
ENSG00000198743.5	ENST00000381151.3	0	616	chr21	21	35471815	2676	rs2211792	1|0	rs2211792	0.6571	21	35471815	rs2211792	11	10	21	0.4761904761904762	N	N	Y	Y
ENSG00000198743.5	ENST00000381151.3	13	617	chr21	21	35472847	3708	rs28570507	1|0	rs28570507	0.0368	21	35472847	rs28570507	13	10	23	0.43478260869565216	N	N	Y	Y
ENSG00000198743.5	ENST00000381151.3	34	618	chr21	21	35474410	5271	rs2244724	1|0	rs2244724	0.6561	21	35474410	rs2244724	24	13	37	0.35135135135135137	N	N	Y	Y
ENSG00000198743.5	ENST00000381151.3	83	619	chr21	21	35478063	8924	rs9984245	1|0	rs9984245	0.1819	21	35478063	rs9984245	36	47	83	0.5662650602409639	N	N	Y	Y
ENSG00000198862.9	ENST00000361371.5	0	367	chr21	21	30341891	1286	rs2254796	1|0	rs2254796	0.6024	21	30341891	rs2254796	3	8	11	0.7272727272727273	N	N	Y	Y
ENSG00000198862.9	ENST00000389194.2	0	368	chr21	21	30341891	1350	rs2254796	1|0	rs2254796	0.6024	21	30341891	rs2254796	3	8	11	0.7272727272727273	N	N	Y	Y
ENSG00000198862.9	ENST00000389195.2	0	369	chr21	21	30341891	1350	rs2254796	1|0	rs2254796	0.6024	21	30341891	rs2254796	3	8	11	0.7272727272727273	N	N	Y	Y
ENSG00000198862.9	ENST00000483326.1	0	370	chr21	21	30341891	991	rs2254796	1|0	rs2254796	0.6024	21	30341891	rs2254796	3	8	11	0.7272727272727273	N	N	Y	Y
ENSG00000205581.6	ENST00000288344.10	0	954	chr21	21	40720494	97	rs34613278	0|1	rs34613278	0.0636	21	40720494	rs34613278	195	184	379	0.4854881266490765	N	N	Y	Y
ENSG00000205581.6	ENST00000288344.10	12	955	chr21	21	40714478	1046	rs3167757	0|1	rs3167757	0.4046	21	40714478	rs3167757	456	275	731	0.3761969904240766	N	N	Y	Y
ENSG00000205581.6	ENST00000380747.1	0	978	chr21	21	40720494	196	rs34613278	0|1	rs34613278	0.0636	21	40720494	rs34613278	195	184	379	0.4854881266490765	N	N	Y	Y
ENSG00000205581.6	ENST00000380748.1	0	973	chr21	21	40720494	159	rs34613278	0|1	rs34613278	0.0636	21	40720494	rs34613278	195	184	379	0.4854881266490765	N	N	Y	Y
ENSG00000205581.6	ENST00000380749.5	0	965	chr21	21	40720494	306	rs34613278	0|1	rs34613278	0.0636	21	40720494	rs34613278	195	184	379	0.4854881266490765	N	N	Y	Y
ENSG00000205581.6	ENST00000380749.5	10	966	chr21	21	40714478	1099	rs3167757	0|1	rs3167757	0.4046	21	40714478	rs3167757	456	275	731	0.3761969904240766	N	N	Y	Y
ENSG00000205581.6	ENST00000419378.1	0	974	chr21	21	40720494	146	rs34613278	0|1	rs34613278	0.0636	21	40720494	rs34613278	195	184	379	0.4854881266490765	N	N	Y	Y
ENSG00000205581.6	ENST00000431390.1	0	963	chr21	21	40720494	246	rs34613278	0|1	rs34613278	0.0636	21	40720494	rs34613278	195	184	379	0.4854881266490765	N	N	Y	Y
ENSG00000205581.6	ENST00000431390.1	14	964	chr21	21	40714478	1304	rs3167757	0|1	rs3167757	0.4046	21	40714478	rs3167757	456	275	731	0.3761969904240766	N	N	Y	Y
ENSG00000205581.6	ENST00000436324.1	0	972	chr21	21	40720494	194	rs34613278	0|1	rs34613278	0.0636	21	40720494	rs34613278	195	184	379	0.4854881266490765	N	N	Y	Y
ENSG00000205581.6	ENST00000443046.1	0	980	chr21	21	40720494	160	rs34613278	0|1	rs34613278	0.0636	21	40720494	rs34613278	195	184	379	0.4854881266490765	N	N	Y	Y
ENSG00000205581.6	ENST00000463631.1	0	986	chr21	21	40720494	160	rs34613278	0|1	rs34613278	0.0636	21	40720494	rs34613278	195	184	379	0.4854881266490765	N	N	Y	Y
ENSG00000205581.6	ENST00000464078.1	0	981	chr21	21	40720494	160	rs34613278	0|1	rs34613278	0.0636	21	40720494	rs34613278	195	184	379	0.4854881266490765	N	N	Y	Y
ENSG00000205581.6	ENST00000471260.1	0	984	chr21	21	40720494	51	rs34613278	0|1	rs34613278	0.0636	21	40720494	rs34613278	195	184	379	0.4854881266490765	N	N	Y	Y
ENSG00000205581.6	ENST00000479586.1	0	983	chr21	21	40720494	121	rs34613278	0|1	rs34613278	0.0636	21	40720494	rs34613278	195	184	379	0.4854881266490765	N	N	Y	Y
ENSG00000205581.6	ENST00000482192.1	0	976	chr21	21	40720494	54	rs34613278	0|1	rs34613278	0.0636	21	40720494	rs34613278	195	184	379	0.4854881266490765	N	N	Y	Y
ENSG00000205581.6	ENST00000482733.1	0	985	chr21	21	40720494	126	rs34613278	0|1	rs34613278	0.0636	21	40720494	rs34613278	195	184	379	0.4854881266490765	N	N	Y	Y
ENSG00000205581.6	ENST00000485550.1	0	979	chr21	21	40720494	28	rs34613278	0|1	rs34613278	0.0636	21	40720494	rs34613278	195	184	379	0.4854881266490765	N	N	Y	Y
ENSG00000205581.6	ENST00000486741.1	0	956	chr21	21	40720494	205	rs34613278	0|1	rs34613278	0.0636	21	40720494	rs34613278	195	184	379	0.4854881266490765	N	N	Y	Y
ENSG00000205581.6	ENST00000486741.1	51	962	chr21	21	40714478	4060	rs3167757	0|1	rs3167757	0.4046	21	40714478	rs3167757	456	275	731	0.3761969904240766	N	N	Y	Y
ENSG00000205581.6	ENST00000489072.1	0	975	chr21	21	40720494	293	rs34613278	0|1	rs34613278	0.0636	21	40720494	rs34613278	195	184	379	0.4854881266490765	N	N	Y	Y
ENSG00000205581.6	ENST00000491183.1	0	982	chr21	21	40720494	173	rs34613278	0|1	rs34613278	0.0636	21	40720494	rs34613278	195	184	379	0.4854881266490765	N	N	Y	Y
ENSG00000205581.6	ENST00000492280.1	0	967	chr21	21	40720494	62	rs34613278	0|1	rs34613278	0.0636	21	40720494	rs34613278	195	184	379	0.4854881266490765	N	N	Y	Y
ENSG00000205581.6	ENST00000492280.1	32	971	chr21	21	40714478	2468	rs3167757	0|1	rs3167757	0.4046	21	40714478	rs3167757	456	275	731	0.3761969904240766	N	N	Y	Y
ENSG00000205929.5	ENST00000536776.1	0	518	chr21	21	34163431	2784	rs2833955	1|0	rs2833955	0.7565	21	34163431	rs2833955	0	1	1	1.0	N	N	Y	Y
ENSG00000205930.4	ENST00000382375.4	0	510	chr21	21	34144545	135	rs11910271	1|0	rs11910271	0.7256	21	34144545	rs11910271	0	2	2	1.0	N	N	Y	Y
ENSG00000205930.4	ENST00000382377.3	0	512	chr21	21	34144545	110	rs11910271	1|0	rs11910271	0.7256	21	34144545	rs11910271	0	2	2	1.0	N	N	Y	Y
ENSG00000205930.4	ENST00000382378.1	0	515	chr21	21	34144545	73	rs11910271	1|0	rs11910271	0.7256	21	34144545	rs11910271	0	2	2	1.0	N	N	Y	Y
ENSG00000205930.4	ENST00000453404.1	0	514	chr21	21	34144545	74	rs11910271	1|0	rs11910271	0.7256	21	34144545	rs11910271	0	2	2	1.0	N	N	Y	Y
ENSG00000205930.4	ENST00000454365.1	0	513	chr21	21	34144545	85	rs11910271	1|0	rs11910271	0.7256	21	34144545	rs11910271	0	2	2	1.0	N	N	Y	Y
ENSG00000205930.4	ENST00000477513.1	0	517	chr21	21	34144545	47	rs11910271	1|0	rs11910271	0.7256	21	34144545	rs11910271	0	2	2	1.0	N	N	Y	Y
ENSG00000205930.4	ENST00000491756.1	0	516	chr21	21	34144545	61	rs11910271	1|0	rs11910271	0.7256	21	34144545	rs11910271	0	2	2	1.0	N	N	Y	Y
ENSG00000228404.1	ENST00000415026.1	0	1787	chr21	21	47608580	282	rs2968	1|0	rs2968	0.6123	21	47608580	rs2968	3	2	5	0.4	N	N	Y	Y
ENSG00000237232.3	ENST00000412906.1	0	1196	chr21	21	43444731	708	rs3737429	1|0	rs3737429	0.0666	21	43444731	rs3737429	0	1	1	1.0	N	N	Y	Y
ENSG00000237232.3	ENST00000429739.1	0	1201	chr21	21	43444731	481	rs3737429	1|0	rs3737429	0.0666	21	43444731	rs3737429	0	1	1	1.0	N	N	Y	Y
ENSG00000237232.3	ENST00000455701.1	0	1198	chr21	21	43444731	506	rs3737429	1|0	rs3737429	0.0666	21	43444731	rs3737429	0	1	1	1.0	N	N	Y	Y
ENSG00000241837.2	ENST00000290299.2	0	572	chr21	21	35284683	323	rs78234759	0|1	rs78234759	0.0636	21	35284683	rs78234759	273	246	519	0.4739884393063584	N	N	Y	Y
ENSG00000241837.2	ENST00000290299.2	2	573	chr21	21	35281393	536	rs4591	1|0	rs4591	0.6958	21	35281393	rs4591	409	492	901	0.5460599334073252	N	N	Y	Y
ENSG00000241837.2	ENST00000418933.1	0	574	chr21	21	35281393	5	rs4591	1|0	rs4591	0.6958	21	35281393	rs4591	409	492	901	0.5460599334073252	N	N	Y	Y
ENSG00000241837.2	ENST00000431254.1	0	568	chr21	21	35284683	104	rs78234759	0|1	rs78234759	0.0636	21	35284683	rs78234759	273	246	519	0.4739884393063584	N	N	Y	Y
ENSG00000241837.2	ENST00000484627.1	0	579	chr21	21	35284683	143	rs78234759	0|1	rs78234759	0.0636	21	35284683	rs78234759	273	246	519	0.4739884393063584	N	N	Y	Y
ENSG00000241837.2	ENST00000487374.1	0	580	chr21	21	35284683	466	rs78234759	0|1	rs78234759	0.0636	21	35284683	rs78234759	273	246	519	0.4739884393063584	N	N	Y	Y
ENSG00000241837.2	ENST00000491703.1	0	569	chr21	21	35284683	1338	rs78234759	0|1	rs78234759	0.0636	21	35284683	rs78234759	273	246	519	0.4739884393063584	N	N	Y	Y
ENSG00000241837.2	ENST00000491703.1	2	570	chr21	21	35281393	1551	rs4591	1|0	rs4591	0.6958	21	35281393	rs4591	409	492	901	0.5460599334073252	N	N	Y	Y
ENSG00000241837.2	ENST00000495005.1	0	575	chr21	21	35284683	96	rs78234759	0|1	rs78234759	0.0636	21	35284683	rs78234759	273	246	519	0.4739884393063584	N	N	Y	Y
ENSG00000241837.2	ENST00000495005.1	2	577	chr21	21	35281393	309	rs4591	1|0	rs4591	0.6958	21	35281393	rs4591	409	492	901	0.5460599334073252	N	N	Y	Y
ENSG00000241837.2	ENST00000495005.1	5	576	chr21	21	35281183	519	rs2040113	1|0	rs2040113	0.4771	21	35281183	rs2040113	1	0	1	0.0	N	N	Y	Y
ENSG00000241837.2	ENST00000496044.1	0	578	chr21	21	35284683	659	rs78234759	0|1	rs78234759	0.0636	21	35284683	rs78234759	273	246	519	0.4739884393063584	N	N	Y	Y
ENSG00000242220.2	ENST00000300258.3	0	488	chr21	21	33951068	546	rs9622	1|0	rs9622	0.1928	21	33951068	rs9622	1	0	1	0.0	N	N	Y	Y
ENSG00000242220.2	ENST00000300258.3	1	489	chr21	21	33949059	638	rs7520	1|0	rs7520	0.4553	21	33949059	rs7520	1	0	1	0.0	N	N	Y	Y
ENSG00000242220.2	ENST00000472557.1	0	493	chr21	21	33951068	401	rs9622	1|0	rs9622	0.1928	21	33951068	rs9622	1	0	1	0.0	N	N	Y	Y
ENSG00000242220.2	ENST00000472557.1	1	494	chr21	21	33949059	493	rs7520	1|0	rs7520	0.4553	21	33949059	rs7520	1	0	1	0.0	N	N	Y	Y
ENSG00000242220.2	ENST00000491828.1	0	490	chr21	21	33951068	307	rs9622	1|0	rs9622	0.1928	21	33951068	rs9622	1	0	1	0.0	N	N	Y	Y
ENSG00000242220.2	ENST00000491828.1	5	492	chr21	21	33949059	713	rs7520	1|0	rs7520	0.4553	21	33949059	rs7520	1	0	1	0.0	N	N	Y	Y
ENSG00000242220.2	ENST00000582575.1	0	496	chr21	21	33951068	494	rs9622	1|0	rs9622	0.1928	21	33951068	rs9622	1	0	1	0.0	N	N	Y	Y
ENSG00000243646.4	ENST00000290200.2	0	530	chr21	21	34668747	1122	rs3171425	0|1	rs3171425	0.5994	21	34668747	rs3171425	63	48	111	0.4324324324324325	N	N	Y	Y
ENSG00000243646.4	ENST00000290200.2	3	531	chr21	21	34668976	1351	rs8178562	0|1	rs8178562	0.1849	21	34668976	rs8178562	42	46	88	0.5227272727272727	N	N	Y	Y
ENSG00000243646.4	ENST00000493295.1	0	533	chr21	21	34668747	1480	rs3171425	0|1	rs3171425	0.5994	21	34668747	rs3171425	63	48	111	0.4324324324324325	N	N	Y	Y
ENSG00000243646.4	ENST00000493295.1	3	534	chr21	21	34668976	1709	rs8178562	0|1	rs8178562	0.1849	21	34668976	rs8178562	42	46	88	0.5227272727272727	N	N	Y	Y
ENSG00000243927.1	ENST00000399312.2	0	610	chr21	21	35515117	728	rs7115	1|0	rs7115	0.6501	21	35515117	rs7115	139	133	272	0.4889705882352941	N	N	Y	Y
ENSG00000243927.1	ENST00000477091.1	0	611	chr21	21	35515117	844	rs7115	1|0	rs7115	0.6501	21	35515117	rs7115	139	133	272	0.4889705882352941	N	N	Y	Y
ENSG00000243927.1	ENST00000482679.1	0	614	chr21	21	35496764	512	rs9976762	1|0	rs9976762	0.0368	21	35496764	rs9976762	2	0	2	0.0	N	N	Y	Y
ENSG00000243927.1	ENST00000482679.1	16	615	chr21	21	35515117	1739	rs7115	1|0	rs7115	0.6501	21	35515117	rs7115	139	133	272	0.4889705882352941	N	N	Y	Y
ENSG00000243927.1	ENST00000483977.1	0	612	chr21	21	35496764	2291	rs9976762	1|0	rs9976762	0.0368	21	35496764	rs9976762	2	0	2	0.0	N	N	Y	Y
ENSG00000243927.1	ENST00000483977.1	19	613	chr21	21	35515117	3717	rs7115	1|0	rs7115	0.6501	21	35515117	rs7115	139	133	272	0.4889705882352941	N	N	Y	Y
ENSG00000243927.1	ENST00000488492.1	0	609	chr21	21	35515117	692	rs7115	1|0	rs7115	0.6501	21	35515117	rs7115	139	133	272	0.4889705882352941	N	N	Y	Y
ENSG00000249209.1	ENST00000429238.1	0	555	chr21	21	35281393	164	rs4591	1|0	rs4591	0.6958	21	35281393	rs4591	409	492	901	0.5460599334073252	N	N	Y	Y
