"geneID"	"chr"	"pos"	"lag_pos"	"rsid"	"log10_distance"	"d"	"r2"	"MAF"	"lag_MAF"	"min_MAF"	"diff_MAF"
"ENSG00000188992.7"	"chr21"	15516948	NA	"rs2822432"	NA	NA	NA	0.33	NA	NA	NA
"ENSG00000155304.4"	"chr21"	15744767	NA	"rs11088017"	NA	0.041	0.001	0.3221	0.33	0.3221	0.00790000000000002
"ENSG00000155307.13"	"chr21"	15868238	NA	"rs1735230"	NA	0.264	0.029	0.4245	0.3221	0.3221	0.1024
"ENSG00000180530.5"	"chr21"	16334963	NA	"rs2822988"	NA	0.041	0.001	0.3151	0.4245	0.3151	0.1094
"ENSG00000180530.5"	"chr21"	16335515	16334963	"rs1041403"	2.7419390777292	1	1	0.3131	0.3151	0.3131	0.002
"ENSG00000180530.5"	"chr21"	16336804	16335515	"rs1056930"	3.1102529173534	1	0.259	0.3817	0.3131	0.3131	0.0686
"ENSG00000154642.6"	"chr21"	19161403	NA	"rs243606"	NA	0.229	0.043	0.4861	0.3817	0.3817	0.1044
"ENSG00000154642.6"	"chr21"	19161548	19161403	"rs243608"	2.16136800223497	1	0.327	0.2445	0.4861	0.2445	0.2416
"ENSG00000154642.6"	"chr21"	19161689	19161548	"rs243609"	2.14921911265538	1	0.327	0.4851	0.2445	0.2445	0.2406
"ENSG00000154642.6"	"chr21"	19163803	19161689	"rs2257906"	3.32510498297141	1	0.68	0.3936	0.4851	0.3936	0.0915
"ENSG00000154642.6"	"chr21"	19165090	19163803	"rs1352601"	3.10957854690439	1	0.332	0.3618	0.3936	0.3618	0.0318
"ENSG00000154642.6"	"chr21"	19169155	19165090	"rs1047978"	3.60906054993009	1	0.332	0.3996	0.3618	0.3618	0.0378
"ENSG00000154719.9"	"chr21"	26978950	NA	"rs3989369"	NA	0.578	0.006	0.0477	0.3996	0.0477	0.3519
"ENSG00000154723.8"	"chr21"	27097053	NA	"rs73161764"	NA	1	0.006	0.164	0.0477	0.0477	0.1163
"ENSG00000156239.7"	"chr21"	30244800	NA	"rs15988"	NA	0.147	0.001	0.2028	0.164	0.164	0.0388
"ENSG00000156239.7"	"chr21"	30244877	30244800	"rs1048546"	1.88649072517248	1	0.454	0.326	0.2028	0.2028	0.1232
"ENSG00000156239.7"	"chr21"	30244968	30244877	"rs9983960"	1.95904139232109	0.972	0.631	0.4145	0.326	0.326	0.0885
"ENSG00000156239.7"	"chr21"	30245239	30244968	"rs2065266"	2.43296929087441	1	1	0.4145	0.4145	0.4145	0
"ENSG00000156239.7"	"chr21"	30245374	30245239	"rs2065269"	2.13033376849501	1	0.303	0.2028	0.4145	0.2028	0.2117
"ENSG00000156239.7"	"chr21"	30245718	30245374	"rs62222205"	2.53655844257153	1	1	0.2028	0.2028	0.2028	0
"ENSG00000156239.7"	"chr21"	30245824	30245718	"rs62222206"	2.02530586526477	1	1	0.2028	0.2028	0.2028	0
"ENSG00000156239.7"	"chr21"	30245894	30245824	"rs75122525"	1.84509804001426	1	1	0.2038	0.2028	0.2028	0.001
"ENSG00000156239.7"	"chr21"	30245965	30245894	"rs62222207"	1.85125834871908	1	1	0.2028	0.2038	0.2028	0.001
"ENSG00000156239.7"	"chr21"	30246881	30245965	"rs4638873"	2.96189547366785	1	0.303	0.4135	0.2028	0.2028	0.2107
"ENSG00000156239.7"	"chr21"	30247241	30246881	"rs62222237"	2.55630250076729	1	0.303	0.2028	0.4135	0.2028	0.2107
"ENSG00000156239.7"	"chr21"	30247533	30247241	"rs62222238"	2.46538285144842	1	1	0.2038	0.2028	0.2028	0.001
"ENSG00000156239.7"	"chr21"	30247628	30247533	"rs62222239"	1.97772360528885	1	1	0.2028	0.2038	0.2028	0.001
"ENSG00000156239.7"	"chr21"	30247858	30247628	"rs2150395"	2.36172783601759	1	1	0.2038	0.2028	0.2028	0.001
"ENSG00000156239.7"	"chr21"	30247893	30247858	"rs76350217"	1.54406804435028	1	1	0.2038	0.2038	0.2038	0
"ENSG00000156239.7"	"chr21"	30247894	30247893	"rs74686211"	0	1	1	0.2038	0.2038	0.2038	0
"ENSG00000156239.7"	"chr21"	30248353	30247894	"rs62222240"	2.66181268553726	1	1	0.2028	0.2038	0.2028	0.001
"ENSG00000156239.7"	"chr21"	30255347	30248353	"rs61735765"	3.84472562797323	1	0.648	0.1531	0.2028	0.1531	0.0497
"ENSG00000198862.9"	"chr21"	30341891	NA	"rs2254796"	NA	1	0.092	0.3976	0.1531	0.1531	0.2445
"ENSG00000156253.2"	"chr21"	30378090	NA	"rs11170"	NA	1	0.98	0.4026	0.3976	0.3976	0.00500000000000006
"ENSG00000156256.10"	"chr21"	30425212	NA	"rs56404428"	NA	1	0.228	0.2793	0.4026	0.2793	0.1233
"ENSG00000156265.11"	"chr21"	30547602	NA	"rs2832236"	NA	0.957	0.283	0.4841	0.2793	0.2793	0.2048
"ENSG00000186971.2"	"chr21"	31803210	NA	"rs1539784"	NA	0.01	0	0.4264	0.4841	0.4264	0.0577
"ENSG00000156299.8"	"chr21"	32492492	NA	"rs2070409"	NA	0.12	0.009	0.4702	0.4264	0.4264	0.0438
"ENSG00000156299.8"	"chr21"	32492670	32492492	"rs111620734"	2.25042000230889	1	0.026	0.0209	0.4702	0.0209	0.4493
"ENSG00000159055.3"	"chr21"	33641152	NA	"rs8129993"	NA	0.043	0	0.3549	0.0209	0.0209	0.334
"ENSG00000242220.2"	"chr21"	33949059	NA	"rs7520"	NA	0.007	0	0.4553	0.3549	0.3549	0.1004
"ENSG00000242220.2"	"chr21"	33951068	33949059	"rs9622"	3.30297993674825	1	0.263	0.1928	0.4553	0.1928	0.2625
"ENSG00000159079.14"	"chr21"	33975279	NA	"rs2833926"	NA	1	1	0.1918	0.1928	0.1918	0.001
"ENSG00000159082.13"	"chr21"	34001496	NA	"rs13554"	NA	0.591	0.088	0.4662	0.1918	0.1918	0.2744
"ENSG00000159082.13"	"chr21"	34059352	34001496	"rs2254562"	4.76234840445925	1	0.409	0.2873	0.4662	0.2873	0.1789
"ENSG00000205930.4"	"chr21"	34144545	NA	"rs11910271"	NA	0.542	0.043	0.2744	0.2873	0.2744	0.0129
"ENSG00000205929.5"	"chr21"	34163431	NA	"rs2833955"	NA	0.934	0.611	0.2435	0.2744	0.2435	0.0308999999999999
"ENSG00000159110.15"	"chr21"	34602246	NA	"rs9975738"	NA	0.158	0.005	0.4642	0.2435	0.2435	0.2207
"ENSG00000243646.4"	"chr21"	34668747	NA	"rs3171425"	NA	0.04	0.002	0.4006	0.4642	0.4006	0.0636
"ENSG00000243646.4"	"chr21"	34668976	34668747	"rs8178562"	2.35983548233989	1	0.156	0.1849	0.4006	0.1849	0.2157
"ENSG00000142166.8"	"chr21"	34696867	NA	"rs16997869"	NA	1	0.097	0.2913	0.1849	0.1849	0.1064
"ENSG00000159128.10"	"chr21"	34787312	NA	"rs9808753"	NA	0.663	0.034	0.1431	0.2913	0.1431	0.1482
"ENSG00000159140.13"	"chr21"	34925263	NA	"rs148591619"	NA	NA	NA	0.001	0.1431	0.001	0.1421
"ENSG00000241837.2"	"chr21"	35281183	NA	"rs2040113"	NA	NA	NA	0.4771	0.001	0.001	0.4761
"ENSG00000241837.2"	"chr21"	35281393	35281183	"rs4591"	2.32221929473392	1	0.429	0.3042	0.4771	0.3042	0.1729
"ENSG00000241837.2"	"chr21"	35284683	35281393	"rs78234759"	3.51719589794997	1	0.128	0.0636	0.3042	0.0636	0.2406
"ENSG00000198743.5"	"chr21"	35471815	NA	"rs2211792"	NA	0.142	0.001	0.3429	0.0636	0.0636	0.2793
"ENSG00000198743.5"	"chr21"	35472847	35471815	"rs28570507"	3.01367969729119	1	0.03	0.0368	0.3429	0.0368	0.3061
"ENSG00000198743.5"	"chr21"	35474410	35472847	"rs2244724"	3.19395897801919	1	0.03	0.3439	0.0368	0.0368	0.3071
"ENSG00000198743.5"	"chr21"	35478063	35474410	"rs9984245"	3.56264967221192	1	0.1	0.1819	0.3439	0.1819	0.162
"ENSG00000243927.1"	"chr21"	35496764	NA	"rs9976762"	NA	1	0.298	0.0368	0.1819	0.0368	0.1451
"ENSG00000243927.1"	"chr21"	35515117	35496764	"rs7115"	4.26370706460743	1	0.031	0.3499	0.0368	0.0368	0.3131
"ENSG00000185917.9"	"chr21"	37410469	NA	"rs199557111"	NA	NA	NA	0.001	0.3499	0.001	0.3489
"ENSG00000159259.7"	"chr21"	37759957	NA	"rs62229404"	NA	NA	NA	0.1034	0.001	0.001	0.1024
"ENSG00000159267.10"	"chr21"	38308911	NA	"rs1065758"	NA	0.01	0	0.172	0.1034	0.1034	0.0686
"ENSG00000185808.9"	"chr21"	38436944	NA	"rs17229045"	NA	0.175	0.009	0.0537	0.172	0.0537	0.1183
"ENSG00000185808.9"	"chr21"	38437763	38436944	"rs7337"	2.91328390176042	1	0.097	0.3757	0.0537	0.0537	0.322
"ENSG00000182670.9"	"chr21"	38454339	NA	"rs9976621"	NA	0.798	0.453	0.4742	0.3757	0.3757	0.0985
"ENSG00000182670.9"	"chr21"	38454456	38454339	"rs9977232"	2.06818586174616	1	1	0.4742	0.4742	0.4742	0
"ENSG00000182670.9"	"chr21"	38455324	38454456	"rs2835574"	2.93851972517649	1	1	0.4742	0.4742	0.4742	0
"ENSG00000182670.9"	"chr21"	38455936	38455324	"rs2835575"	2.78675142214556	1	1	0.4742	0.4742	0.4742	0
"ENSG00000182670.9"	"chr21"	38455999	38455936	"rs28666643"	1.79934054945358	1	0.816	0.4761	0.4742	0.4742	0.00190000000000007
"ENSG00000182670.9"	"chr21"	38512956	38455999	"rs1133001"	4.75554710637042	1	0.783	0.4642	0.4761	0.4642	0.0119
"ENSG00000182670.9"	"chr21"	38525356	38512956	"rs1053808"	4.09342168516223	1	0.832	0.495	0.4642	0.4642	0.0308
"ENSG00000182670.9"	"chr21"	38563725	38525356	"rs2835655"	4.58398048045604	1	0.479	0.3439	0.495	0.3439	0.1511
"ENSG00000182670.9"	"chr21"	38568009	38563725	"rs1053966"	3.63184946215982	1	0.47	0.4871	0.3439	0.3439	0.1432
"ENSG00000182670.9"	"chr21"	38568308	38568009	"rs6579"	2.47567118832443	1	0.815	0.4642	0.4871	0.4642	0.0229
"ENSG00000182670.9"	"chr21"	38574018	38568308	"rs1053984"	3.75663610824585	0.978	0.812	0.497	0.4642	0.4642	0.0328
"ENSG00000182670.9"	"chr21"	38574675	38574018	"rs1063949"	2.81756536955978	1	0.832	0.4602	0.497	0.4602	0.0368
"ENSG00000157538.9"	"chr21"	38596677	NA	"rs1128922"	NA	0.377	0.082	0.3897	0.4602	0.3897	0.0705
"ENSG00000157538.9"	"chr21"	38598576	38596677	"rs2186337"	3.27852496473702	1	0.625	0.2863	0.3897	0.2863	0.1034
"ENSG00000157538.9"	"chr21"	38599440	38598576	"rs2027601"	2.93651374247889	1	0.789	0.2485	0.2863	0.2485	0.0377999999999999
"ENSG00000157540.15"	"chr21"	38791581	NA	"rs2835726"	NA	0.184	0.009	0.4423	0.2485	0.2485	0.1938
"ENSG00000157540.15"	"chr21"	38792077	38791581	"rs2835729"	2.6954816764902	1	0.319	0.168	0.4423	0.168	0.2743
"ENSG00000157540.15"	"chr21"	38885442	38792077	"rs1803439"	4.97018410154485	0.956	0.37	0.335	0.168	0.168	0.167
"ENSG00000157540.15"	"chr21"	38888744	38885442	"rs2236686"	3.51877706892677	0.896	0.65	0.2783	0.335	0.2783	0.0567
"ENSG00000157557.7"	"chr21"	40190443	NA	"rs115786160"	NA	0.317	0.001	0.0318	0.2783	0.0318	0.2465
"ENSG00000183527.7"	"chr21"	40549466	NA	"rs14194"	NA	0.386	0.007	0.3171	0.0318	0.0318	0.2853
"ENSG00000183527.7"	"chr21"	40555351	40549466	"rs13052882"	3.76974646717945	1	1	0.3191	0.3171	0.3171	0.002
"ENSG00000185658.9"	"chr21"	40562165	NA	"rs2297257"	NA	1	0.057	0.0805	0.3191	0.0805	0.2386
"ENSG00000185658.9"	"chr21"	40564202	40562165	"rs2836933"	3.30899102900016	1	0.057	0.3161	0.0805	0.0805	0.2356
"ENSG00000185658.9"	"chr21"	40564464	40564202	"rs2410104"	2.41830129131975	1	0.057	0.0805	0.3161	0.0805	0.2356
"ENSG00000185658.9"	"chr21"	40566067	40564464	"rs3945"	3.20493352235414	1	0.057	0.3151	0.0805	0.0805	0.2346
"ENSG00000185658.9"	"chr21"	40567716	40566067	"rs1065242"	3.21722065564452	1	1	0.3161	0.3151	0.3151	0.001
"ENSG00000185658.9"	"chr21"	40571246	40567716	"rs1041439"	3.54777470538782	1	0.057	0.0805	0.3161	0.0805	0.2356
"ENSG00000185658.9"	"chr21"	40584598	40571246	"rs6517529"	4.12554632367119	1	1	0.0805	0.0805	0.0805	0
"ENSG00000185658.9"	"chr21"	40652142	40584598	"rs2836972"	4.82958677626516	1	0.058	0.3171	0.0805	0.0805	0.2366
"ENSG00000205581.6"	"chr21"	40714478	NA	"rs3167757"	NA	0.863	0.441	0.4046	0.3171	0.3171	0.0875
"ENSG00000205581.6"	"chr21"	40720494	40714478	"rs34613278"	3.77930782758359	0.261	0.005	0.0636	0.4046	0.0636	0.341
"ENSG00000157578.9"	"chr21"	40793911	NA	"rs2837020"	NA	0.567	0.181	0.1451	0.0636	0.0636	0.0815
"ENSG00000157578.9"	"chr21"	40800371	40793911	"rs2837029"	3.81023251799508	1	0.582	0.2157	0.1451	0.1451	0.0706
"ENSG00000182240.11"	"chr21"	42622786	NA	"rs1046210"	NA	0.072	0.002	0.3797	0.2157	0.2157	0.164
"ENSG00000182240.11"	"chr21"	42647821	42622786	"rs12149"	4.39854759573493	1	0.581	0.4622	0.3797	0.3797	0.0825
"ENSG00000183421.7"	"chr21"	43160582	NA	"rs187507566"	NA	NA	NA	0.005	0.4622	0.005	0.4572
"ENSG00000141956.9"	"chr21"	43218864	NA	"rs1054756"	NA	NA	NA	0.1113	0.005	0.005	0.1063
"ENSG00000141956.9"	"chr21"	43220724	43218864	"rs2838127"	3.26951294421792	1	0.057	0.331	0.1113	0.1113	0.2197
"ENSG00000141956.9"	"chr21"	43221826	43220724	"rs2236696"	3.04218159451577	1	0.887	0.3022	0.331	0.3022	0.0287999999999999
"ENSG00000157617.12"	"chr21"	43305435	NA	"rs3168"	NA	0.512	0.085	0.1571	0.3022	0.1571	0.1451
"ENSG00000237232.3"	"chr21"	43444731	NA	"rs3737429"	NA	1	0.007	0.0666	0.1571	0.0666	0.0905
"ENSG00000160179.14"	"chr21"	43716901	NA	"rs1044317"	NA	0.2	0.002	0.4463	0.0666	0.0666	0.3797
"ENSG00000160183.9"	"chr21"	43792665	NA	"rs225309"	NA	0.075	0.005	0.4453	0.4463	0.4453	0.00100000000000006
"ENSG00000160183.9"	"chr21"	43803412	43792665	"rs8129105"	4.031287248877	0.456	0.153	0.4354	0.4453	0.4354	0.00989999999999996
"ENSG00000160185.9"	"chr21"	43854985	NA	"rs17114925"	NA	0.238	0.007	0.1262	0.4354	0.1262	0.3092
"ENSG00000160185.9"	"chr21"	43863521	43854985	"rs868092"	3.93125440641641	1	0.074	0.3121	0.1262	0.1262	0.1859
"ENSG00000160188.5"	"chr21"	43892641	NA	"rs2839531"	NA	0.746	0.018	0.0746	0.3121	0.0746	0.2375
"ENSG00000160188.5"	"chr21"	43905327	43892641	"rs2839535"	4.10332470706144	0.267	0.001	0.2972	0.0746	0.0746	0.2226
"ENSG00000160193.7"	"chr21"	44269654	NA	"rs2156314"	NA	0.014	0	0.4751	0.2972	0.2972	0.1779
"ENSG00000160193.7"	"chr21"	44269743	44269654	"rs7281655"	1.94939000664491	1	0.157	0.1779	0.4751	0.1779	0.2972
"ENSG00000160193.7"	"chr21"	44269860	44269743	"rs60406170"	2.06818586174616	1	0.014	0.0646	0.1779	0.0646	0.1133
"ENSG00000160193.7"	"chr21"	44270229	44269860	"rs6586250"	2.56702636615906	1	0.014	0.1779	0.0646	0.0646	0.1133
"ENSG00000160193.7"	"chr21"	44273858	44270229	"rs15736"	3.55978696820056	1	0.308	0.3767	0.1779	0.1779	0.1988
"ENSG00000160193.7"	"chr21"	44293744	44273858	"rs2248490"	4.29854743507871	1	0.51	0.4742	0.3767	0.3767	0.0975
"ENSG00000160193.7"	"chr21"	44299324	44293744	"rs8127072"	3.74663419893758	1	0.774	0.4145	0.4742	0.4145	0.0597
"ENSG00000160194.13"	"chr21"	44323590	NA	"rs4148973"	NA	1	0.956	0.4115	0.4145	0.4115	0.003
"ENSG00000160194.13"	"chr21"	44323720	44323590	"rs4148974"	2.11394335230684	1	0.037	0.0755	0.4115	0.0755	0.336
"ENSG00000160194.13"	"chr21"	44324365	44323720	"rs10595"	2.80955971463527	1	0.038	0.4115	0.0755	0.0755	0.336
"ENSG00000160201.7"	"chr21"	44517758	NA	"rs4919963"	NA	0.028	0	0.1372	0.4115	0.1372	0.2743
"ENSG00000160201.7"	"chr21"	44517914	44517758	"rs1060112"	2.19312459835446	1	0.189	0.4046	0.1372	0.1372	0.2674
"ENSG00000160201.7"	"chr21"	44518028	44517914	"rs1060111"	2.05690485133647	1	1	0.4046	0.4046	0.4046	0
"ENSG00000160201.7"	"chr21"	44518691	44518028	"rs2839635"	2.82151352840477	1	1	0.4046	0.4046	0.4046	0
"ENSG00000142178.7"	"chr21"	44846016	NA	"rs3746951"	NA	0.052	0.001	0.2684	0.4046	0.2684	0.1362
"ENSG00000160207.4"	"chr21"	45078035	NA	"rs2838343"	NA	0.012	0	0.4185	0.2684	0.2684	0.1501
"ENSG00000160209.14"	"chr21"	45175958	NA	"rs7527"	NA	0.238	0.052	0.4891	0.4185	0.4185	0.0706
"ENSG00000160216.14"	"chr21"	45385907	NA	"rs2000787"	NA	0.239	0.012	0.1869	0.4891	0.1869	0.3022
"ENSG00000160216.14"	"chr21"	45386033	45385907	"rs2000788"	2.10037054511756	1	0.181	0.4622	0.1869	0.1869	0.2753
"ENSG00000160216.14"	"chr21"	45386559	45386033	"rs6518340"	2.72098574415374	1	0.181	0.1938	0.4622	0.1938	0.2684
"ENSG00000160216.14"	"chr21"	45387008	45386559	"rs4819354"	2.65224634100332	1	0.246	0.4891	0.1938	0.1938	0.2953
"ENSG00000160216.14"	"chr21"	45387109	45387008	"rs6518342"	2.00432137378264	1	0.246	0.1968	0.4891	0.1968	0.2923
"ENSG00000160223.12"	"chr21"	45643396	NA	"rs2298565"	NA	0.404	0.026	0.4433	0.1968	0.1968	0.2465
"ENSG00000160223.12"	"chr21"	45646010	45643396	"rs1008537"	3.41730558324453	1	0.285	0.2565	0.4433	0.2565	0.1868
"ENSG00000160223.12"	"chr21"	45646131	45646010	"rs9976552"	2.08278537031645	1	1	0.2525	0.2565	0.2525	0.004
"ENSG00000160223.12"	"chr21"	45646256	45646131	"rs4818890"	2.09691001300806	1	0.279	0.4394	0.2525	0.2525	0.1869
"ENSG00000160223.12"	"chr21"	45647202	45646256	"rs4819387"	2.97589113640179	1	0.902	0.4563	0.4394	0.4394	0.0169
"ENSG00000160223.12"	"chr21"	45647646	45647202	"rs15927"	2.64738297011462	1	0.309	0.2555	0.4563	0.2555	0.2008
"ENSG00000160223.12"	"chr21"	45647834	45647646	"rs117576800"	2.27415784926368	1	1	0.2525	0.2555	0.2525	0.003
"ENSG00000160223.12"	"chr21"	45648488	45647834	"rs3804033"	2.81557774832427	1	1	0.2545	0.2525	0.2525	0.002
"ENSG00000160223.12"	"chr21"	45656774	45648488	"rs11558819"	3.91834492896227	0.229	0.008	0.2873	0.2545	0.2545	0.0328
"ENSG00000141959.12"	"chr21"	45741359	NA	"rs2298692"	NA	0.047	0	0.175	0.2873	0.175	0.1123
"ENSG00000160226.11"	"chr21"	45749141	NA	"rs79299307"	NA	1	0.005	0.0209	0.175	0.0209	0.1541
"ENSG00000184787.14"	"chr21"	46189094	NA	"rs79419717"	NA	1	0.002	0.0398	0.0209	0.0209	0.0189
"ENSG00000184787.14"	"chr21"	46189230	46189094	"rs8103"	2.13353890837022	1	0.045	0.4254	0.0398	0.0398	0.3856
"ENSG00000184787.14"	"chr21"	46189652	46189230	"rs760432"	2.62531245096167	1	1	0.4254	0.4254	0.4254	0
"ENSG00000184787.14"	"chr21"	46190182	46189652	"rs235356"	2.72427586960079	0.97	0.461	0.4334	0.4254	0.4254	0.00800000000000001
"ENSG00000184787.14"	"chr21"	46190410	46190182	"rs1071792"	2.35793484700045	0.969	0.422	0.4135	0.4334	0.4135	0.0199
"ENSG00000184787.14"	"chr21"	46190842	46190410	"rs2838678"	2.63548374681491	1	0.919	0.4274	0.4135	0.4135	0.0139
"ENSG00000184787.14"	"chr21"	46191174	46190842	"rs1060564"	2.52113808370404	1	0.287	0.2773	0.4274	0.2773	0.1501
"ENSG00000184787.14"	"chr21"	46191256	46191174	"rs4818975"	1.91381385238372	1	0.287	0.4294	0.2773	0.2773	0.1521
"ENSG00000184787.14"	"chr21"	46194281	46191256	"rs235358"	3.48072537898849	1	0.28	0.2734	0.4294	0.2734	0.156
"ENSG00000184787.14"	"chr21"	46195243	46194281	"rs235360"	2.98317507203781	1	0.976	0.2893	0.2734	0.2734	0.0159
"ENSG00000160255.12"	"chr21"	46306138	NA	"rs1160263"	NA	0.667	0.048	0.1948	0.2893	0.1948	0.0945
"ENSG00000160255.12"	"chr21"	46313442	46306138	"rs2230529"	3.86356076452624	1	0.077	0.2505	0.1948	0.1948	0.0557
"ENSG00000183250.7"	"chr21"	46353125	NA	"rs7278847"	NA	0.154	0.005	0.3638	0.2505	0.2505	0.1133
"ENSG00000183250.7"	"chr21"	46353312	46353125	"rs7283236"	2.2718416065365	0.979	0.958	0.3598	0.3638	0.3598	0.004
"ENSG00000183250.7"	"chr21"	46353637	46353312	"rs7278544"	2.51188336097887	1	0.979	0.3628	0.3598	0.3598	0.003
"ENSG00000183250.7"	"chr21"	46353678	46353637	"rs7282201"	1.61278385671974	1	0.462	0.1889	0.3628	0.1889	0.1739
"ENSG00000183250.7"	"chr21"	46353743	46353678	"rs80246834"	1.81291335664286	1	0.024	0.0497	0.1889	0.0497	0.1392
"ENSG00000183250.7"	"chr21"	46353949	46353743	"rs12483718"	2.31386722036915	1	0.024	0.1899	0.0497	0.0497	0.1402
"ENSG00000183250.7"	"chr21"	46354055	46353949	"rs9974172"	2.02530586526477	1	0.061	0.1441	0.1899	0.1441	0.0458
"ENSG00000183250.7"	"chr21"	46355710	46354055	"rs11088971"	3.21879799811174	1	0.132	0.3598	0.1441	0.1441	0.2157
"ENSG00000160256.8"	"chr21"	46393090	NA	"rs3827260"	NA	0.979	0.938	0.3618	0.3598	0.3598	0.002
"ENSG00000182871.10"	"chr21"	46926054	NA	"rs2236483"	NA	0.131	0.006	0.3926	0.3618	0.3618	0.0308
"ENSG00000182871.10"	"chr21"	46926297	46926054	"rs2838950"	2.38560627359831	1	0.489	0.2584	0.3926	0.2584	0.1342
"ENSG00000182871.10"	"chr21"	46927013	46926297	"rs12482195"	2.85491302230786	1	0.269	0.4085	0.2584	0.2584	0.1501
"ENSG00000182871.10"	"chr21"	46929467	46927013	"rs1050351"	3.38987455839099	1	0.638	0.4235	0.4085	0.4085	0.015
"ENSG00000173638.14"	"chr21"	46932328	NA	"rs7499"	NA	0.977	0.841	0.3996	0.4235	0.3996	0.0239
"ENSG00000160285.10"	"chr21"	47608580	NA	"rs2968"	NA	0.014	0	0.3877	0.3996	0.3877	0.0119
"ENSG00000160285.10"	"chr21"	47609510	47608580	"rs9717"	2.96848294855394	1	0.785	0.3191	0.3877	0.3191	0.0686
"ENSG00000160285.10"	"chr21"	47609677	47609510	"rs914247"	2.22271647114758	1	0.956	0.327	0.3191	0.3191	0.00790000000000002
"ENSG00000160285.10"	"chr21"	47610066	47609677	"rs2330408"	2.58994960132571	1	0.978	0.326	0.327	0.326	0.00100000000000011
"ENSG00000160285.10"	"chr21"	47614469	47610066	"rs2254524"	3.64374868545953	0.977	0.933	0.3191	0.326	0.3191	0.00689999999999991
"ENSG00000160285.10"	"chr21"	47635627	47614469	"rs9980968"	4.32547461279533	1	0.391	0.4235	0.3191	0.3191	0.1044
"ENSG00000160294.6"	"chr21"	47676711	NA	"rs2839173"	NA	1	0.467	0.3598	0.4235	0.3598	0.0637
"ENSG00000182362.9"	"chr21"	47706297	NA	"rs2298699"	NA	0.815	0.31	0.4105	0.3598	0.3598	0.0507
"ENSG00000182362.9"	"chr21"	47706535	47706297	"rs17176110"	2.37657695705651	1	0.447	0.3638	0.4105	0.3638	0.0467
"ENSG00000160298.13"	"chr21"	47721228	NA	"rs11089057"	NA	0.884	0.14	0.2068	0.3638	0.2068	0.157
"ENSG00000160298.13"	"chr21"	47734659	47721228	"rs13047478"	4.12810834910311	0.869	0.113	0.33	0.2068	0.2068	0.1232
"ENSG00000160299.12"	"chr21"	47773103	NA	"rs2249057"	NA	1	0.291	0.3449	0.33	0.33	0.0149
"ENSG00000160299.12"	"chr21"	47811272	47773103	"rs3737438"	4.58171078189903	1	0.863	0.3907	0.3449	0.3449	0.0458
"ENSG00000160299.12"	"chr21"	47836651	47811272	"rs200610141"	4.40447450573985	NA	NA	0.001	0.3907	0.001	0.3897
"ENSG00000160299.12"	"chr21"	47850484	NA	"rs2070426"	NA	NA	NA	0.4414	0.001	0.001	0.4404
"ENSG00000160299.12"	"chr21"	47851753	47850484	"rs2073376"	3.1034616220947	1	0.738	0.3489	0.4414	0.3489	0.0925
"ENSG00000160299.12"	"chr21"	47863757	47851753	"rs2073380"	4.07932598675282	1	0.16	0.2157	0.3489	0.2157	0.1332
