geneID	chr	chrN	pos	lag_pos	rsid	snp	lag_snp	lag_rs	snp_pair	d	r2
ENSG00000160223.12	chr21	21	45646010	45643396	rs1008537	chr21:45646010	chr21:45643396	rs2298565	rs1008537-rs2298565	1	0.285
ENSG00000180530.5	chr21	21	16335515	16334963	rs1041403	chr21:16335515	chr21:16334963	rs2822988	rs1041403-rs2822988	1	1
ENSG00000185658.9	chr21	21	40571246	40567716	rs1041439	chr21:40571246	chr21:40567716	rs1065242	rs1041439-rs1065242	1	0.057
ENSG00000160179.14	chr21	21	43716901	NA	rs1044317	chr21:43716901	chr21:43444731	rs3737429	rs1044317-rs3737429	0.2	0.002
ENSG00000182240.11	chr21	21	42622786	NA	rs1046210	chr21:42622786	chr21:40800371	rs2837029	rs1046210-rs2837029	0.072	0.002
ENSG00000154642.6	chr21	21	19169155	19165090	rs1047978	chr21:19169155	chr21:19165090	rs1352601	rs1047978-rs1352601	1	0.332
ENSG00000156239.7	chr21	21	30244877	30244800	rs1048546	chr21:30244877	chr21:30244800	rs15988	rs1048546-rs15988	1	0.454
ENSG00000182871.10	chr21	21	46929467	46927013	rs1050351	chr21:46929467	chr21:46927013	rs12482195	rs1050351-rs12482195	1	0.638
ENSG00000182670.9	chr21	21	38525356	38512956	rs1053808	chr21:38525356	chr21:38512956	rs1133001	rs1053808-rs1133001	1	0.832
ENSG00000182670.9	chr21	21	38568009	38563725	rs1053966	chr21:38568009	chr21:38563725	rs2835655	rs1053966-rs2835655	1	0.47
ENSG00000182670.9	chr21	21	38574018	38568308	rs1053984	chr21:38574018	chr21:38568308	rs6579	rs1053984-rs6579	0.978	0.812
ENSG00000180530.5	chr21	21	16336804	16335515	rs1056930	chr21:16336804	chr21:16335515	rs1041403	rs1056930-rs1041403	1	0.259
ENSG00000160194.13	chr21	21	44324365	44323720	rs10595	chr21:44324365	chr21:44323720	rs4148974	rs10595-rs4148974	1	0.038
ENSG00000160201.7	chr21	21	44518028	44517914	rs1060111	chr21:44518028	chr21:44517914	rs1060112	rs1060111-rs1060112	1	1
ENSG00000160201.7	chr21	21	44517914	44517758	rs1060112	chr21:44517914	chr21:44517758	rs4919963	rs1060112-rs4919963	1	0.189
ENSG00000184787.14	chr21	21	46191174	46190842	rs1060564	chr21:46191174	chr21:46190842	rs2838678	rs1060564-rs2838678	1	0.287
ENSG00000182670.9	chr21	21	38574675	38574018	rs1063949	chr21:38574675	chr21:38574018	rs1053984	rs1063949-rs1053984	1	0.832
ENSG00000185658.9	chr21	21	40567716	40566067	rs1065242	chr21:40567716	chr21:40566067	rs3945	rs1065242-rs3945	1	1
ENSG00000159267.10	chr21	21	38308911	NA	rs1065758	chr21:38308911	chr21:37759957	rs62229404	rs1065758-rs62229404	0.01	0
ENSG00000184787.14	chr21	21	46190410	46190182	rs1071792	chr21:46190410	chr21:46190182	rs235356	rs1071792-rs235356	0.969	0.422
ENSG00000155304.4	chr21	21	15744767	NA	rs11088017	chr21:15744767	chr21:15516948	rs2822432	rs11088017-rs2822432	0.041	0.001
ENSG00000183250.7	chr21	21	46355710	46354055	rs11088971	chr21:46355710	chr21:46354055	rs9974172	rs11088971-rs9974172	1	0.132
ENSG00000160298.13	chr21	21	47721228	NA	rs11089057	chr21:47721228	chr21:47706535	rs17176110	rs11089057-rs17176110	0.884	0.14
ENSG00000156299.8	chr21	21	32492670	32492492	rs111620734	chr21:32492670	chr21:32492492	rs2070409	rs111620734-rs2070409	1	0.026
ENSG00000156253.2	chr21	21	30378090	NA	rs11170	chr21:30378090	chr21:30341891	rs2254796	rs11170-rs2254796	1	0.98
ENSG00000157538.9	chr21	21	38596677	NA	rs1128922	chr21:38596677	chr21:38574675	rs1063949	rs1128922-rs1063949	0.377	0.082
ENSG00000182670.9	chr21	21	38512956	38455999	rs1133001	chr21:38512956	chr21:38455999	rs28666643	rs1133001-rs28666643	1	0.783
ENSG00000160223.12	chr21	21	45656774	45648488	rs11558819	chr21:45656774	chr21:45648488	rs3804033	rs11558819-rs3804033	0.229	0.008
ENSG00000157557.7	chr21	21	40190443	NA	rs115786160	chr21:40190443	chr21:38888744	rs2236686	rs115786160-rs2236686	0.317	0.001
ENSG00000160255.12	chr21	21	46306138	NA	rs1160263	chr21:46306138	chr21:46195243	rs235360	rs1160263-rs235360	0.667	0.048
ENSG00000160223.12	chr21	21	45647834	45647646	rs117576800	chr21:45647834	chr21:45647646	rs15927	rs117576800-rs15927	1	1
ENSG00000205930.4	chr21	21	34144545	NA	rs11910271	chr21:34144545	chr21:34059352	rs2254562	rs11910271-rs2254562	0.542	0.043
ENSG00000182240.11	chr21	21	42647821	42622786	rs12149	chr21:42647821	chr21:42622786	rs1046210	rs12149-rs1046210	1	0.581
ENSG00000182871.10	chr21	21	46927013	46926297	rs12482195	chr21:46927013	chr21:46926297	rs2838950	rs12482195-rs2838950	1	0.269
ENSG00000183250.7	chr21	21	46353949	46353743	rs12483718	chr21:46353949	chr21:46353743	rs80246834	rs12483718-rs80246834	1	0.024
ENSG00000160298.13	chr21	21	47734659	47721228	rs13047478	chr21:47734659	chr21:47721228	rs11089057	rs13047478-rs11089057	0.869	0.113
ENSG00000183527.7	chr21	21	40555351	40549466	rs13052882	chr21:40555351	chr21:40549466	rs14194	rs13052882-rs14194	1	1
ENSG00000154642.6	chr21	21	19165090	19163803	rs1352601	chr21:19165090	chr21:19163803	rs2257906	rs1352601-rs2257906	1	0.332
ENSG00000159082.13	chr21	21	34001496	NA	rs13554	chr21:34001496	chr21:33975279	rs2833926	rs13554-rs2833926	0.591	0.088
ENSG00000183527.7	chr21	21	40549466	NA	rs14194	chr21:40549466	chr21:40190443	rs115786160	rs14194-rs115786160	0.386	0.007
ENSG00000159140.13	chr21	21	34925263	NA	rs148591619	chr21:34925263	chr21:34787312	rs9808753	rs148591619-rs9808753	NA	NA
ENSG00000186971.2	chr21	21	31803210	NA	rs1539784	chr21:31803210	chr21:30547602	rs2832236	rs1539784-rs2832236	0.01	0
ENSG00000160193.7	chr21	21	44273858	44270229	rs15736	chr21:44273858	chr21:44270229	rs6586250	rs15736-rs6586250	1	0.308
ENSG00000160223.12	chr21	21	45647646	45647202	rs15927	chr21:45647646	chr21:45647202	rs4819387	rs15927-rs4819387	1	0.309
ENSG00000156239.7	chr21	21	30244800	NA	rs15988	chr21:30244800	chr21:27097053	rs73161764	rs15988-rs73161764	0.147	0.001
ENSG00000142166.8	chr21	21	34696867	NA	rs16997869	chr21:34696867	chr21:34668976	rs8178562	rs16997869-rs8178562	1	0.097
ENSG00000160185.9	chr21	21	43854985	NA	rs17114925	chr21:43854985	chr21:43803412	rs8129105	rs17114925-rs8129105	0.238	0.007
ENSG00000182362.9	chr21	21	47706535	47706297	rs17176110	chr21:47706535	chr21:47706297	rs2298699	rs17176110-rs2298699	1	0.447
ENSG00000185808.9	chr21	21	38436944	NA	rs17229045	chr21:38436944	chr21:38308911	rs1065758	rs17229045-rs1065758	0.175	0.009
ENSG00000155307.13	chr21	21	15868238	NA	rs1735230	chr21:15868238	chr21:15744767	rs11088017	rs1735230-rs11088017	0.264	0.029
ENSG00000157540.15	chr21	21	38885442	38792077	rs1803439	chr21:38885442	chr21:38792077	rs2835729	rs1803439-rs2835729	0.956	0.37
ENSG00000183421.7	chr21	21	43160582	NA	rs187507566	chr21:43160582	chr21:42647821	rs12149	rs187507566-rs12149	NA	NA
ENSG00000185917.9	chr21	21	37410469	NA	rs199557111	chr21:37410469	chr21:35515117	rs7115	rs199557111-rs7115	NA	NA
ENSG00000160216.14	chr21	21	45385907	NA	rs2000787	chr21:45385907	chr21:45175958	rs7527	rs2000787-rs7527	0.239	0.012
ENSG00000160216.14	chr21	21	45386033	45385907	rs2000788	chr21:45386033	chr21:45385907	rs2000787	rs2000788-rs2000787	1	0.181
ENSG00000160299.12	chr21	21	47836651	47811272	rs200610141	chr21:47836651	chr21:47811272	rs3737438	rs200610141-rs3737438	NA	NA
ENSG00000157538.9	chr21	21	38599440	38598576	rs2027601	chr21:38599440	chr21:38598576	rs2186337	rs2027601-rs2186337	1	0.789
ENSG00000156239.7	chr21	21	30245239	30244968	rs2065266	chr21:30245239	chr21:30244968	rs9983960	rs2065266-rs9983960	1	1
ENSG00000156239.7	chr21	21	30245374	30245239	rs2065269	chr21:30245374	chr21:30245239	rs2065266	rs2065269-rs2065266	1	0.303
ENSG00000156299.8	chr21	21	32492492	NA	rs2070409	chr21:32492492	chr21:31803210	rs1539784	rs2070409-rs1539784	0.12	0.009
ENSG00000160299.12	chr21	21	47851753	47850484	rs2073376	chr21:47851753	chr21:47850484	rs2070426	rs2073376-rs2070426	1	0.738
ENSG00000160299.12	chr21	21	47863757	47851753	rs2073380	chr21:47863757	chr21:47851753	rs2073376	rs2073380-rs2073376	1	0.16
ENSG00000156239.7	chr21	21	30247858	30247628	rs2150395	chr21:30247858	chr21:30247628	rs62222239	rs2150395-rs62222239	1	1
ENSG00000160193.7	chr21	21	44269654	NA	rs2156314	chr21:44269654	chr21:43905327	rs2839535	rs2156314-rs2839535	0.014	0
ENSG00000157538.9	chr21	21	38598576	38596677	rs2186337	chr21:38598576	chr21:38596677	rs1128922	rs2186337-rs1128922	1	0.625
ENSG00000198743.5	chr21	21	35471815	NA	rs2211792	chr21:35471815	chr21:35284683	rs78234759	rs2211792-rs78234759	0.142	0.001
ENSG00000160255.12	chr21	21	46313442	46306138	rs2230529	chr21:46313442	chr21:46306138	rs1160263	rs2230529-rs1160263	1	0.077
ENSG00000182871.10	chr21	21	46926054	NA	rs2236483	chr21:46926054	chr21:46393090	rs3827260	rs2236483-rs3827260	0.131	0.006
ENSG00000157540.15	chr21	21	38888744	38885442	rs2236686	chr21:38888744	chr21:38885442	rs1803439	rs2236686-rs1803439	0.896	0.65
ENSG00000141956.9	chr21	21	43221826	43220724	rs2236696	chr21:43221826	chr21:43220724	rs2838127	rs2236696-rs2838127	1	0.887
ENSG00000198743.5	chr21	21	35474410	35472847	rs2244724	chr21:35474410	chr21:35472847	rs28570507	rs2244724-rs28570507	1	0.03
ENSG00000160193.7	chr21	21	44293744	44273858	rs2248490	chr21:44293744	chr21:44273858	rs15736	rs2248490-rs15736	1	0.51
ENSG00000160299.12	chr21	21	47773103	NA	rs2249057	chr21:47773103	chr21:47734659	rs13047478	rs2249057-rs13047478	1	0.291
ENSG00000160183.9	chr21	21	43792665	NA	rs225309	chr21:43792665	chr21:43716901	rs1044317	rs225309-rs1044317	0.075	0.005
ENSG00000160285.10	chr21	21	47614469	47610066	rs2254524	chr21:47614469	chr21:47610066	rs2330408	rs2254524-rs2330408	0.977	0.933
ENSG00000159082.13	chr21	21	34059352	34001496	rs2254562	chr21:34059352	chr21:34001496	rs13554	rs2254562-rs13554	1	0.409
ENSG00000198862.9	chr21	21	30341891	NA	rs2254796	chr21:30341891	chr21:30255347	rs61735765	rs2254796-rs61735765	1	0.092
ENSG00000154642.6	chr21	21	19163803	19161689	rs2257906	chr21:19163803	chr21:19161689	rs243609	rs2257906-rs243609	1	0.68
ENSG00000185658.9	chr21	21	40562165	NA	rs2297257	chr21:40562165	chr21:40555351	rs13052882	rs2297257-rs13052882	1	0.057
ENSG00000160223.12	chr21	21	45643396	NA	rs2298565	chr21:45643396	chr21:45387109	rs6518342	rs2298565-rs6518342	0.404	0.026
ENSG00000141959.12	chr21	21	45741359	NA	rs2298692	chr21:45741359	chr21:45656774	rs11558819	rs2298692-rs11558819	0.047	0
ENSG00000182362.9	chr21	21	47706297	NA	rs2298699	chr21:47706297	chr21:47676711	rs2839173	rs2298699-rs2839173	0.815	0.31
ENSG00000160285.10	chr21	21	47610066	47609677	rs2330408	chr21:47610066	chr21:47609677	rs914247	rs2330408-rs914247	1	0.978
ENSG00000184787.14	chr21	21	46190182	46189652	rs235356	chr21:46190182	chr21:46189652	rs760432	rs235356-rs760432	0.97	0.461
ENSG00000184787.14	chr21	21	46194281	46191256	rs235358	chr21:46194281	chr21:46191256	rs4818975	rs235358-rs4818975	1	0.28
ENSG00000184787.14	chr21	21	46195243	46194281	rs235360	chr21:46195243	chr21:46194281	rs235358	rs235360-rs235358	1	0.976
ENSG00000185658.9	chr21	21	40564464	40564202	rs2410104	chr21:40564464	chr21:40564202	rs2836933	rs2410104-rs2836933	1	0.057
ENSG00000154642.6	chr21	21	19161403	NA	rs243606	chr21:19161403	chr21:16336804	rs1056930	rs243606-rs1056930	0.229	0.043
ENSG00000154642.6	chr21	21	19161548	19161403	rs243608	chr21:19161548	chr21:19161403	rs243606	rs243608-rs243606	1	0.327
ENSG00000154642.6	chr21	21	19161689	19161548	rs243609	chr21:19161689	chr21:19161548	rs243608	rs243609-rs243608	1	0.327
ENSG00000180530.5	chr21	21	16334963	NA	rs2822988	chr21:16334963	chr21:15868238	rs1735230	rs2822988-rs1735230	0.041	0.001
ENSG00000156265.11	chr21	21	30547602	NA	rs2832236	chr21:30547602	chr21:30425212	rs56404428	rs2832236-rs56404428	0.957	0.283
ENSG00000159079.14	chr21	21	33975279	NA	rs2833926	chr21:33975279	chr21:33951068	rs9622	rs2833926-rs9622	1	1
ENSG00000205929.5	chr21	21	34163431	NA	rs2833955	chr21:34163431	chr21:34144545	rs11910271	rs2833955-rs11910271	0.934	0.611
ENSG00000182670.9	chr21	21	38455324	38454456	rs2835574	chr21:38455324	chr21:38454456	rs9977232	rs2835574-rs9977232	1	1
ENSG00000182670.9	chr21	21	38455936	38455324	rs2835575	chr21:38455936	chr21:38455324	rs2835574	rs2835575-rs2835574	1	1
ENSG00000182670.9	chr21	21	38563725	38525356	rs2835655	chr21:38563725	chr21:38525356	rs1053808	rs2835655-rs1053808	1	0.479
ENSG00000157540.15	chr21	21	38791581	NA	rs2835726	chr21:38791581	chr21:38599440	rs2027601	rs2835726-rs2027601	0.184	0.009
ENSG00000157540.15	chr21	21	38792077	38791581	rs2835729	chr21:38792077	chr21:38791581	rs2835726	rs2835729-rs2835726	1	0.319
ENSG00000185658.9	chr21	21	40564202	40562165	rs2836933	chr21:40564202	chr21:40562165	rs2297257	rs2836933-rs2297257	1	0.057
ENSG00000185658.9	chr21	21	40652142	40584598	rs2836972	chr21:40652142	chr21:40584598	rs6517529	rs2836972-rs6517529	1	0.058
ENSG00000157578.9	chr21	21	40793911	NA	rs2837020	chr21:40793911	chr21:40720494	rs34613278	rs2837020-rs34613278	0.567	0.181
ENSG00000157578.9	chr21	21	40800371	40793911	rs2837029	chr21:40800371	chr21:40793911	rs2837020	rs2837029-rs2837020	1	0.582
ENSG00000141956.9	chr21	21	43220724	43218864	rs2838127	chr21:43220724	chr21:43218864	rs1054756	rs2838127-rs1054756	1	0.057
ENSG00000160207.4	chr21	21	45078035	NA	rs2838343	chr21:45078035	chr21:44846016	rs3746951	rs2838343-rs3746951	0.012	0
ENSG00000184787.14	chr21	21	46190842	46190410	rs2838678	chr21:46190842	chr21:46190410	rs1071792	rs2838678-rs1071792	1	0.919
ENSG00000182871.10	chr21	21	46926297	46926054	rs2838950	chr21:46926297	chr21:46926054	rs2236483	rs2838950-rs2236483	1	0.489
ENSG00000160294.6	chr21	21	47676711	NA	rs2839173	chr21:47676711	chr21:47635627	rs9980968	rs2839173-rs9980968	1	0.467
ENSG00000160188.5	chr21	21	43892641	NA	rs2839531	chr21:43892641	chr21:43863521	rs868092	rs2839531-rs868092	0.746	0.018
ENSG00000160188.5	chr21	21	43905327	43892641	rs2839535	chr21:43905327	chr21:43892641	rs2839531	rs2839535-rs2839531	0.267	0.001
ENSG00000160201.7	chr21	21	44518691	44518028	rs2839635	chr21:44518691	chr21:44518028	rs1060111	rs2839635-rs1060111	1	1
ENSG00000198743.5	chr21	21	35472847	35471815	rs28570507	chr21:35472847	chr21:35471815	rs2211792	rs28570507-rs2211792	1	0.03
ENSG00000182670.9	chr21	21	38455999	38455936	rs28666643	chr21:38455999	chr21:38455936	rs2835575	rs28666643-rs2835575	1	0.816
ENSG00000160285.10	chr21	21	47608580	NA	rs2968	chr21:47608580	chr21:46932328	rs7499	rs2968-rs7499	0.014	0
ENSG00000205581.6	chr21	21	40714478	NA	rs3167757	chr21:40714478	chr21:40652142	rs2836972	rs3167757-rs2836972	0.863	0.441
ENSG00000157617.12	chr21	21	43305435	NA	rs3168	chr21:43305435	chr21:43221826	rs2236696	rs3168-rs2236696	0.512	0.085
ENSG00000243646.4	chr21	21	34668747	NA	rs3171425	chr21:34668747	chr21:34602246	rs9975738	rs3171425-rs9975738	0.04	0.002
ENSG00000205581.6	chr21	21	40720494	40714478	rs34613278	chr21:40720494	chr21:40714478	rs3167757	rs34613278-rs3167757	0.261	0.005
ENSG00000237232.3	chr21	21	43444731	NA	rs3737429	chr21:43444731	chr21:43305435	rs3168	rs3737429-rs3168	1	0.007
ENSG00000160299.12	chr21	21	47811272	47773103	rs3737438	chr21:47811272	chr21:47773103	rs2249057	rs3737438-rs2249057	1	0.863
ENSG00000142178.7	chr21	21	44846016	NA	rs3746951	chr21:44846016	chr21:44518691	rs2839635	rs3746951-rs2839635	0.052	0.001
ENSG00000160223.12	chr21	21	45648488	45647834	rs3804033	chr21:45648488	chr21:45647834	rs117576800	rs3804033-rs117576800	1	1
ENSG00000160256.8	chr21	21	46393090	NA	rs3827260	chr21:46393090	chr21:46355710	rs11088971	rs3827260-rs11088971	0.979	0.938
ENSG00000185658.9	chr21	21	40566067	40564464	rs3945	chr21:40566067	chr21:40564464	rs2410104	rs3945-rs2410104	1	0.057
ENSG00000154719.9	chr21	21	26978950	NA	rs3989369	chr21:26978950	chr21:19169155	rs1047978	rs3989369-rs1047978	0.578	0.006
ENSG00000160194.13	chr21	21	44323590	NA	rs4148973	chr21:44323590	chr21:44299324	rs8127072	rs4148973-rs8127072	1	0.956
ENSG00000160194.13	chr21	21	44323720	44323590	rs4148974	chr21:44323720	chr21:44323590	rs4148973	rs4148974-rs4148973	1	0.037
ENSG00000241837.2	chr21	21	35281393	35281183	rs4591	chr21:35281393	chr21:35281183	rs2040113	rs4591-rs2040113	1	0.429
ENSG00000156239.7	chr21	21	30246881	30245965	rs4638873	chr21:30246881	chr21:30245965	rs62222207	rs4638873-rs62222207	1	0.303
ENSG00000160223.12	chr21	21	45646256	45646131	rs4818890	chr21:45646256	chr21:45646131	rs9976552	rs4818890-rs9976552	1	0.279
ENSG00000184787.14	chr21	21	46191256	46191174	rs4818975	chr21:46191256	chr21:46191174	rs1060564	rs4818975-rs1060564	1	0.287
ENSG00000160216.14	chr21	21	45387008	45386559	rs4819354	chr21:45387008	chr21:45386559	rs6518340	rs4819354-rs6518340	1	0.246
ENSG00000160223.12	chr21	21	45647202	45646256	rs4819387	chr21:45647202	chr21:45646256	rs4818890	rs4819387-rs4818890	1	0.902
ENSG00000160201.7	chr21	21	44517758	NA	rs4919963	chr21:44517758	chr21:44324365	rs10595	rs4919963-rs10595	0.028	0
ENSG00000156256.10	chr21	21	30425212	NA	rs56404428	chr21:30425212	chr21:30378090	rs11170	rs56404428-rs11170	1	0.228
ENSG00000160193.7	chr21	21	44269860	44269743	rs60406170	chr21:44269860	chr21:44269743	rs7281655	rs60406170-rs7281655	1	0.014
ENSG00000156239.7	chr21	21	30255347	30248353	rs61735765	chr21:30255347	chr21:30248353	rs62222240	rs61735765-rs62222240	1	0.648
ENSG00000156239.7	chr21	21	30245718	30245374	rs62222205	chr21:30245718	chr21:30245374	rs2065269	rs62222205-rs2065269	1	1
ENSG00000156239.7	chr21	21	30245824	30245718	rs62222206	chr21:30245824	chr21:30245718	rs62222205	rs62222206-rs62222205	1	1
ENSG00000156239.7	chr21	21	30245965	30245894	rs62222207	chr21:30245965	chr21:30245894	rs75122525	rs62222207-rs75122525	1	1
ENSG00000156239.7	chr21	21	30247241	30246881	rs62222237	chr21:30247241	chr21:30246881	rs4638873	rs62222237-rs4638873	1	0.303
ENSG00000156239.7	chr21	21	30247533	30247241	rs62222238	chr21:30247533	chr21:30247241	rs62222237	rs62222238-rs62222237	1	1
ENSG00000156239.7	chr21	21	30247628	30247533	rs62222239	chr21:30247628	chr21:30247533	rs62222238	rs62222239-rs62222238	1	1
ENSG00000156239.7	chr21	21	30248353	30247894	rs62222240	chr21:30248353	chr21:30247894	rs74686211	rs62222240-rs74686211	1	1
ENSG00000185658.9	chr21	21	40584598	40571246	rs6517529	chr21:40584598	chr21:40571246	rs1041439	rs6517529-rs1041439	1	1
ENSG00000160216.14	chr21	21	45386559	45386033	rs6518340	chr21:45386559	chr21:45386033	rs2000788	rs6518340-rs2000788	1	0.181
ENSG00000160216.14	chr21	21	45387109	45387008	rs6518342	chr21:45387109	chr21:45387008	rs4819354	rs6518342-rs4819354	1	0.246
ENSG00000182670.9	chr21	21	38568308	38568009	rs6579	chr21:38568308	chr21:38568009	rs1053966	rs6579-rs1053966	1	0.815
ENSG00000160193.7	chr21	21	44270229	44269860	rs6586250	chr21:44270229	chr21:44269860	rs60406170	rs6586250-rs60406170	1	0.014
ENSG00000243927.1	chr21	21	35515117	35496764	rs7115	chr21:35515117	chr21:35496764	rs9976762	rs7115-rs9976762	1	0.031
ENSG00000183250.7	chr21	21	46353637	46353312	rs7278544	chr21:46353637	chr21:46353312	rs7283236	rs7278544-rs7283236	1	0.979
ENSG00000183250.7	chr21	21	46353125	NA	rs7278847	chr21:46353125	chr21:46313442	rs2230529	rs7278847-rs2230529	0.154	0.005
ENSG00000160193.7	chr21	21	44269743	44269654	rs7281655	chr21:44269743	chr21:44269654	rs2156314	rs7281655-rs2156314	1	0.157
ENSG00000183250.7	chr21	21	46353678	46353637	rs7282201	chr21:46353678	chr21:46353637	rs7278544	rs7282201-rs7278544	1	0.462
ENSG00000183250.7	chr21	21	46353312	46353125	rs7283236	chr21:46353312	chr21:46353125	rs7278847	rs7283236-rs7278847	0.979	0.958
ENSG00000154723.8	chr21	21	27097053	NA	rs73161764	chr21:27097053	chr21:26978950	rs3989369	rs73161764-rs3989369	1	0.006
ENSG00000185808.9	chr21	21	38437763	38436944	rs7337	chr21:38437763	chr21:38436944	rs17229045	rs7337-rs17229045	1	0.097
ENSG00000156239.7	chr21	21	30247894	30247893	rs74686211	chr21:30247894	chr21:30247893	rs76350217	rs74686211-rs76350217	1	1
ENSG00000173638.14	chr21	21	46932328	NA	rs7499	chr21:46932328	chr21:46929467	rs1050351	rs7499-rs1050351	0.977	0.841
ENSG00000156239.7	chr21	21	30245894	30245824	rs75122525	chr21:30245894	chr21:30245824	rs62222206	rs75122525-rs62222206	1	1
ENSG00000242220.2	chr21	21	33949059	NA	rs7520	chr21:33949059	chr21:33641152	rs8129993	rs7520-rs8129993	0.007	0
ENSG00000160209.14	chr21	21	45175958	NA	rs7527	chr21:45175958	chr21:45078035	rs2838343	rs7527-rs2838343	0.238	0.052
ENSG00000184787.14	chr21	21	46189652	46189230	rs760432	chr21:46189652	chr21:46189230	rs8103	rs760432-rs8103	1	1
ENSG00000156239.7	chr21	21	30247893	30247858	rs76350217	chr21:30247893	chr21:30247858	rs2150395	rs76350217-rs2150395	1	1
ENSG00000241837.2	chr21	21	35284683	35281393	rs78234759	chr21:35284683	chr21:35281393	rs4591	rs78234759-rs4591	1	0.128
ENSG00000160226.11	chr21	21	45749141	NA	rs79299307	chr21:45749141	chr21:45741359	rs2298692	rs79299307-rs2298692	1	0.005
ENSG00000184787.14	chr21	21	46189094	NA	rs79419717	chr21:46189094	chr21:45749141	rs79299307	rs79419717-rs79299307	1	0.002
ENSG00000183250.7	chr21	21	46353743	46353678	rs80246834	chr21:46353743	chr21:46353678	rs7282201	rs80246834-rs7282201	1	0.024
ENSG00000184787.14	chr21	21	46189230	46189094	rs8103	chr21:46189230	chr21:46189094	rs79419717	rs8103-rs79419717	1	0.045
ENSG00000160193.7	chr21	21	44299324	44293744	rs8127072	chr21:44299324	chr21:44293744	rs2248490	rs8127072-rs2248490	1	0.774
ENSG00000160183.9	chr21	21	43803412	43792665	rs8129105	chr21:43803412	chr21:43792665	rs225309	rs8129105-rs225309	0.456	0.153
ENSG00000159055.3	chr21	21	33641152	NA	rs8129993	chr21:33641152	chr21:32492670	rs111620734	rs8129993-rs111620734	0.043	0
ENSG00000243646.4	chr21	21	34668976	34668747	rs8178562	chr21:34668976	chr21:34668747	rs3171425	rs8178562-rs3171425	1	0.156
ENSG00000160185.9	chr21	21	43863521	43854985	rs868092	chr21:43863521	chr21:43854985	rs17114925	rs868092-rs17114925	1	0.074
ENSG00000160285.10	chr21	21	47609677	47609510	rs914247	chr21:47609677	chr21:47609510	rs9717	rs914247-rs9717	1	0.956
ENSG00000242220.2	chr21	21	33951068	33949059	rs9622	chr21:33951068	chr21:33949059	rs7520	rs9622-rs7520	1	0.263
ENSG00000160285.10	chr21	21	47609510	47608580	rs9717	chr21:47609510	chr21:47608580	rs2968	rs9717-rs2968	1	0.785
ENSG00000159128.10	chr21	21	34787312	NA	rs9808753	chr21:34787312	chr21:34696867	rs16997869	rs9808753-rs16997869	0.663	0.034
ENSG00000183250.7	chr21	21	46354055	46353949	rs9974172	chr21:46354055	chr21:46353949	rs12483718	rs9974172-rs12483718	1	0.061
ENSG00000159110.15	chr21	21	34602246	NA	rs9975738	chr21:34602246	chr21:34163431	rs2833955	rs9975738-rs2833955	0.158	0.005
ENSG00000160223.12	chr21	21	45646131	45646010	rs9976552	chr21:45646131	chr21:45646010	rs1008537	rs9976552-rs1008537	1	1
ENSG00000182670.9	chr21	21	38454339	NA	rs9976621	chr21:38454339	chr21:38437763	rs7337	rs9976621-rs7337	0.798	0.453
ENSG00000243927.1	chr21	21	35496764	NA	rs9976762	chr21:35496764	chr21:35478063	rs9984245	rs9976762-rs9984245	1	0.298
ENSG00000182670.9	chr21	21	38454456	38454339	rs9977232	chr21:38454456	chr21:38454339	rs9976621	rs9977232-rs9976621	1	1
ENSG00000160285.10	chr21	21	47635627	47614469	rs9980968	chr21:47635627	chr21:47614469	rs2254524	rs9980968-rs2254524	1	0.391
ENSG00000156239.7	chr21	21	30244968	30244877	rs9983960	chr21:30244968	chr21:30244877	rs1048546	rs9983960-rs1048546	0.972	0.631
ENSG00000198743.5	chr21	21	35478063	35474410	rs9984245	chr21:35478063	chr21:35474410	rs2244724	rs9984245-rs2244724	1	0.1
