chr	pos	geneID	Unnamed: 0	chrN	SNP_id	genotype	rsid	AF	contig	position	variantID	refCount	altCount	totalCount	altRatio	if_Indel	if_SV	if_SNP	if_biallelic
chr21	15516948	ENSG00000188992.7	58	21	rs2822432	0|1	rs2822432	0.33	21	15516948	rs2822432	1	0	1	0.0	N	N	Y	Y
chr21	15744767	ENSG00000155304.4	78	21	rs11088017	0|1	rs11088017	0.3221	21	15744767	rs11088017	28	36	64	0.5625	N	N	Y	Y
chr21	15868238	ENSG00000155307.13	84	21	rs1735230	1|0	rs1735230	0.4245	21	15868238	rs1735230	1	1	2	0.5	N	N	Y	Y
chr21	16334963	ENSG00000180530.5	105	21	rs2822988	0|1	rs2822988	0.3151	21	16334963	rs2822988	8	9	17	0.5294117647058824	N	N	Y	Y
chr21	16335515	ENSG00000180530.5	106	21	rs1041403	0|1	rs1041403	0.3131	21	16335515	rs1041403	9	9	18	0.5	N	N	Y	Y
chr21	16336804	ENSG00000180530.5	107	21	rs1056930	0|1	rs1056930	0.6183	21	16336804	rs1056930	3	6	9	0.6666666666666666	N	N	Y	Y
chr21	19161403	ENSG00000154642.6	129	21	rs243606	1|0	rs243606	0.5139	21	19161403	rs243606	9	9	18	0.5	N	N	Y	Y
chr21	19161548	ENSG00000154642.6	131	21	rs243608	1|0	rs243608	0.7555	21	19161548	rs243608	14	15	29	0.5172413793103449	N	N	Y	Y
chr21	19161689	ENSG00000154642.6	132	21	rs243609	1|0	rs243609	0.5149	21	19161689	rs243609	25	19	44	0.4318181818181818	N	N	Y	Y
chr21	19163803	ENSG00000154642.6	133	21	rs2257906	1|0	rs2257906	0.3936	21	19163803	rs2257906	9	8	17	0.4705882352941176	N	N	Y	Y
chr21	19165090	ENSG00000154642.6	134	21	rs1352601	1|0	rs1352601	0.6382	21	19165090	rs1352601	8	3	11	0.2727272727272727	N	N	Y	Y
chr21	19169155	ENSG00000154642.6	128	21	rs1047978	1|0	rs1047978	0.3996	21	19169155	rs1047978	20	17	37	0.4594594594594595	N	N	Y	Y
chr21	26978950	ENSG00000154719.9	199	21	rs3989369	0|1	rs3989369	0.9523	21	26978950	rs3989369	48	62	110	0.5636363636363636	N	N	Y	Y
chr21	27097053	ENSG00000154723.8	208	21	rs73161764	0|1	rs73161764	0.16399999999999998	21	27097053	rs73161764	0	1	1	1.0	N	N	Y	Y
chr21	30244800	ENSG00000156239.7	312	21	rs15988	1|0	rs15988	0.2028	21	30244800	rs15988	3	6	9	0.6666666666666666	N	N	Y	Y
chr21	30244877	ENSG00000156239.7	314	21	rs1048546	0|1	rs1048546	0.674	21	30244877	rs1048546	2	2	4	0.5	N	N	Y	Y
chr21	30244968	ENSG00000156239.7	315	21	rs9983960	0|1	rs9983960	0.5855	21	30244968	rs9983960	3	2	5	0.4	N	N	Y	Y
chr21	30245239	ENSG00000156239.7	316	21	rs2065266	1|0	rs2065266	0.4145	21	30245239	rs2065266	6	0	6	0.0	N	N	Y	Y
chr21	30245374	ENSG00000156239.7	317	21	rs2065269	1|0	rs2065269	0.2028	21	30245374	rs2065269	4	6	10	0.6	N	N	Y	Y
chr21	30245718	ENSG00000156239.7	318	21	rs62222205	1|0	rs62222205	0.2028	21	30245718	rs62222205	3	0	3	0.0	N	N	Y	Y
chr21	30245824	ENSG00000156239.7	319	21	rs62222206	1|0	rs62222206	0.2028	21	30245824	rs62222206	5	1	6	0.16666666666666666	N	N	Y	Y
chr21	30245894	ENSG00000156239.7	320	21	rs75122525	1|0	rs75122525	0.2038	21	30245894	rs75122525	7	4	11	0.3636363636363637	N	N	Y	Y
chr21	30245965	ENSG00000156239.7	321	21	rs62222207	1|0	rs62222207	0.2028	21	30245965	rs62222207	4	2	6	0.3333333333333333	N	N	Y	Y
chr21	30246881	ENSG00000156239.7	322	21	rs4638873	0|1	rs4638873	0.5865	21	30246881	rs4638873	2	1	3	0.3333333333333333	N	N	Y	Y
chr21	30247241	ENSG00000156239.7	323	21	rs62222237	1|0	rs62222237	0.2028	21	30247241	rs62222237	5	1	6	0.16666666666666666	N	N	Y	Y
chr21	30247533	ENSG00000156239.7	324	21	rs62222238	1|0	rs62222238	0.2038	21	30247533	rs62222238	8	2	10	0.2	N	N	Y	Y
chr21	30247628	ENSG00000156239.7	325	21	rs62222239	1|0	rs62222239	0.2028	21	30247628	rs62222239	10	2	12	0.16666666666666666	N	N	Y	Y
chr21	30247858	ENSG00000156239.7	326	21	rs2150395	1|0	rs2150395	0.2038	21	30247858	rs2150395	1	2	3	0.6666666666666666	N	N	Y	Y
chr21	30247893	ENSG00000156239.7	327	21	rs76350217	1|0	rs76350217	0.2038	21	30247893	rs76350217	2	4	6	0.6666666666666666	N	N	Y	Y
chr21	30247894	ENSG00000156239.7	347	21	rs74686211	1|0	rs74686211	0.2038	21	30247894	rs74686211	2	4	6	0.6666666666666666	N	N	Y	Y
chr21	30248353	ENSG00000156239.7	329	21	rs62222240	1|0	rs62222240	0.2028	21	30248353	rs62222240	1	1	2	0.5	N	N	Y	Y
chr21	30255347	ENSG00000156239.7	311	21	rs61735765	1|0	rs61735765	0.1531	21	30255347	rs61735765	6	10	16	0.625	N	N	Y	Y
chr21	30341891	ENSG00000198862.9	367	21	rs2254796	1|0	rs2254796	0.6024	21	30341891	rs2254796	3	8	11	0.7272727272727273	N	N	Y	Y
chr21	30378090	ENSG00000156253.2	375	21	rs11170	0|1	rs11170	0.4026	21	30378090	rs11170	1	2	3	0.6666666666666666	N	N	Y	Y
chr21	30425212	ENSG00000156256.10	383	21	rs56404428	1|0	rs56404428	0.2793	21	30425212	rs56404428	1	0	1	0.0	N	N	Y	Y
chr21	30547602	ENSG00000156265.11	392	21	rs2832236	0|1	rs2832236	0.4841	21	30547602	rs2832236	3	4	7	0.5714285714285714	N	N	Y	Y
chr21	31803210	ENSG00000186971.2	407	21	rs1539784	1|0	rs1539784	0.5736	21	31803210	rs1539784	1	0	1	0.0	N	N	Y	Y
chr21	32492492	ENSG00000156299.8	443	21	rs2070409	1|0	rs2070409	0.4702	21	32492492	rs2070409	0	1	1	1.0	N	N	Y	Y
chr21	32492670	ENSG00000156299.8	444	21	rs111620734	0|1	rs111620734	0.0209	21	32492670	rs111620734	2	2	4	0.5	N	N	Y	Y
chr21	33641152	ENSG00000159055.3	469	21	rs8129993	0|1	rs8129993	0.3549	21	33641152	rs8129993	26	23	49	0.4693877551020408	N	N	Y	Y
chr21	33949059	ENSG00000242220.2	489	21	rs7520	1|0	rs7520	0.4553	21	33949059	rs7520	1	0	1	0.0	N	N	Y	Y
chr21	33951068	ENSG00000242220.2	488	21	rs9622	1|0	rs9622	0.1928	21	33951068	rs9622	1	0	1	0.0	N	N	Y	Y
chr21	33975279	ENSG00000159079.14	497	21	rs2833926	1|0	rs2833926	0.1918	21	33975279	rs2833926	2	3	5	0.6	N	N	Y	Y
chr21	34001496	ENSG00000159082.13	504	21	rs13554	1|0	rs13554	0.4662	21	34001496	rs13554	2	2	4	0.5	N	N	Y	Y
chr21	34059352	ENSG00000159082.13	503	21	rs2254562	1|0	rs2254562	0.2873	21	34059352	rs2254562	1	1	2	0.5	N	N	Y	Y
chr21	34144545	ENSG00000205930.4	510	21	rs11910271	1|0	rs11910271	0.7256	21	34144545	rs11910271	0	2	2	1.0	N	N	Y	Y
chr21	34163431	ENSG00000205929.5	518	21	rs2833955	1|0	rs2833955	0.7565	21	34163431	rs2833955	0	1	1	1.0	N	N	Y	Y
chr21	34602246	ENSG00000159110.15	528	21	rs9975738	0|1	rs9975738	0.5358	21	34602246	rs9975738	3	8	11	0.7272727272727273	N	N	Y	Y
chr21	34668747	ENSG00000243646.4	530	21	rs3171425	0|1	rs3171425	0.5994	21	34668747	rs3171425	63	48	111	0.4324324324324325	N	N	Y	Y
chr21	34668976	ENSG00000243646.4	531	21	rs8178562	0|1	rs8178562	0.1849	21	34668976	rs8178562	42	46	88	0.5227272727272727	N	N	Y	Y
chr21	34696867	ENSG00000142166.8	538	21	rs16997869	1|0	rs16997869	0.2913	21	34696867	rs16997869	3	2	5	0.4	N	N	Y	Y
chr21	34787312	ENSG00000159128.10	543	21	rs9808753	0|1	rs9808753	0.1431	21	34787312	rs9808753	89	94	183	0.5136612021857924	N	N	Y	Y
chr21	34925263	ENSG00000159140.13	550	21	rs148591619	1|0	rs148591619	0.001	21	34925263	rs148591619	63	58	121	0.4793388429752066	N	N	Y	Y
chr21	35281183	ENSG00000241837.2	576	21	rs2040113	1|0	rs2040113	0.4771	21	35281183	rs2040113	1	0	1	0.0	N	N	Y	Y
chr21	35281393	ENSG00000241837.2	573	21	rs4591	1|0	rs4591	0.6958	21	35281393	rs4591	409	492	901	0.5460599334073252	N	N	Y	Y
chr21	35284683	ENSG00000241837.2	572	21	rs78234759	0|1	rs78234759	0.0636	21	35284683	rs78234759	273	246	519	0.4739884393063584	N	N	Y	Y
chr21	35471815	ENSG00000198743.5	616	21	rs2211792	1|0	rs2211792	0.6571	21	35471815	rs2211792	11	10	21	0.4761904761904762	N	N	Y	Y
chr21	35472847	ENSG00000198743.5	617	21	rs28570507	1|0	rs28570507	0.0368	21	35472847	rs28570507	13	10	23	0.43478260869565216	N	N	Y	Y
chr21	35474410	ENSG00000198743.5	618	21	rs2244724	1|0	rs2244724	0.6561	21	35474410	rs2244724	24	13	37	0.35135135135135137	N	N	Y	Y
chr21	35478063	ENSG00000198743.5	619	21	rs9984245	1|0	rs9984245	0.1819	21	35478063	rs9984245	36	47	83	0.5662650602409639	N	N	Y	Y
chr21	35496764	ENSG00000243927.1	614	21	rs9976762	1|0	rs9976762	0.0368	21	35496764	rs9976762	2	0	2	0.0	N	N	Y	Y
chr21	35515117	ENSG00000243927.1	610	21	rs7115	1|0	rs7115	0.6501	21	35515117	rs7115	139	133	272	0.4889705882352941	N	N	Y	Y
chr21	37410469	ENSG00000185917.9	644	21	rs199557111	0|1	rs199557111	0.001	21	37410469	rs199557111	7	4	11	0.3636363636363637	N	N	Y	Y
chr21	37759957	ENSG00000159259.7	704	21	rs62229404	1|0	rs62229404	0.1034	21	37759957	rs62229404	29	18	47	0.3829787234042553	N	N	Y	Y
chr21	38308911	ENSG00000159267.10	714	21	rs1065758	1|0	rs1065758	0.172	21	38308911	rs1065758	6	5	11	0.4545454545454545	N	N	Y	Y
chr21	38436944	ENSG00000185808.9	722	21	rs17229045	1|0	rs17229045	0.0537	21	38436944	rs17229045	2	0	2	0.0	N	N	Y	Y
chr21	38437763	ENSG00000185808.9	731	21	rs7337	1|0	rs7337	0.3757	21	38437763	rs7337	4	4	8	0.5	N	N	Y	Y
chr21	38454339	ENSG00000182670.9	763	21	rs9976621	0|1	rs9976621	0.5258	21	38454339	rs9976621	2	0	2	0.0	N	N	Y	Y
chr21	38454456	ENSG00000182670.9	764	21	rs9977232	0|1	rs9977232	0.5258	21	38454456	rs9977232	1	1	2	0.5	N	N	Y	Y
chr21	38455324	ENSG00000182670.9	766	21	rs2835574	0|1	rs2835574	0.5258	21	38455324	rs2835574	0	2	2	1.0	N	N	Y	Y
chr21	38455936	ENSG00000182670.9	767	21	rs2835575	0|1	rs2835575	0.5258	21	38455936	rs2835575	0	3	3	1.0	N	N	Y	Y
chr21	38455999	ENSG00000182670.9	768	21	rs28666643	0|1	rs28666643	0.4761	21	38455999	rs28666643	0	1	1	1.0	N	N	Y	Y
chr21	38512956	ENSG00000182670.9	784	21	rs1133001	1|0	rs1133001	0.4642	21	38512956	rs1133001	20	19	39	0.4871794871794872	N	N	Y	Y
chr21	38525356	ENSG00000182670.9	785	21	rs1053808	1|0	rs1053808	0.505	21	38525356	rs1053808	38	23	61	0.3770491803278688	N	N	Y	Y
chr21	38563725	ENSG00000182670.9	786	21	rs2835655	1|0	rs2835655	0.3439	21	38563725	rs2835655	28	17	45	0.37777777777777777	N	N	Y	Y
chr21	38568009	ENSG00000182670.9	787	21	rs1053966	1|0	rs1053966	0.5129	21	38568009	rs1053966	40	40	80	0.5	N	N	Y	Y
chr21	38568308	ENSG00000182670.9	788	21	rs6579	1|0	rs6579	0.4642	21	38568308	rs6579	60	53	113	0.4690265486725664	N	N	Y	Y
chr21	38574018	ENSG00000182670.9	789	21	rs1053984	1|0	rs1053984	0.503	21	38574018	rs1053984	77	34	111	0.3063063063063063	N	N	Y	Y
chr21	38574675	ENSG00000182670.9	791	21	rs1063949	1|0	rs1063949	0.4602	21	38574675	rs1063949	70	47	117	0.4017094017094017	N	N	Y	Y
chr21	38596677	ENSG00000157538.9	838	21	rs1128922	1|0	rs1128922	0.6103	21	38596677	rs1128922	33	44	77	0.5714285714285714	N	N	Y	Y
chr21	38598576	ENSG00000157538.9	836	21	rs2186337	1|0	rs2186337	0.7137	21	38598576	rs2186337	0	2	2	1.0	N	N	Y	Y
chr21	38599440	ENSG00000157538.9	837	21	rs2027601	1|0	rs2027601	0.7515	21	38599440	rs2027601	1	1	2	0.5	N	N	Y	Y
chr21	38791581	ENSG00000157540.15	843	21	rs2835726	1|0	rs2835726	0.4423	21	38791581	rs2835726	0	1	1	1.0	N	N	Y	Y
chr21	38792077	ENSG00000157540.15	845	21	rs2835729	1|0	rs2835729	0.168	21	38792077	rs2835729	0	1	1	1.0	N	N	Y	Y
chr21	38885442	ENSG00000157540.15	842	21	rs1803439	1|0	rs1803439	0.335	21	38885442	rs1803439	32	34	66	0.5151515151515151	N	N	Y	Y
chr21	38888744	ENSG00000157540.15	848	21	rs2236686	1|0	rs2236686	0.2783	21	38888744	rs2236686	1	1	2	0.5	N	N	Y	Y
chr21	40190443	ENSG00000157557.7	897	21	rs115786160	1|0	rs115786160	0.0318	21	40190443	rs115786160	4	3	7	0.42857142857142855	N	N	Y	Y
chr21	40549466	ENSG00000183527.7	914	21	rs14194	0|1	rs14194	0.3171	21	40549466	rs14194	109	117	226	0.5176991150442478	N	N	Y	Y
chr21	40555351	ENSG00000183527.7	911	21	rs13052882	0|1	rs13052882	0.3191	21	40555351	rs13052882	8	25	33	0.7575757575757576	N	N	Y	Y
chr21	40562165	ENSG00000185658.9	935	21	rs2297257	0|1	rs2297257	0.9195	21	40562165	rs2297257	0	1	1	1.0	N	N	Y	Y
chr21	40564202	ENSG00000185658.9	936	21	rs2836933	0|1	rs2836933	0.3161	21	40564202	rs2836933	1	1	2	0.5	N	N	Y	Y
chr21	40564464	ENSG00000185658.9	937	21	rs2410104	0|1	rs2410104	0.9195	21	40564464	rs2410104	1	3	4	0.75	N	N	Y	Y
chr21	40566067	ENSG00000185658.9	938	21	rs3945	0|1	rs3945	0.3151	21	40566067	rs3945	3	2	5	0.4	N	N	Y	Y
chr21	40567716	ENSG00000185658.9	939	21	rs1065242	0|1	rs1065242	0.3161	21	40567716	rs1065242	5	5	10	0.5	N	N	Y	Y
chr21	40571246	ENSG00000185658.9	927	21	rs1041439	0|1	rs1041439	0.9195	21	40571246	rs1041439	4	3	7	0.42857142857142855	N	N	Y	Y
chr21	40584598	ENSG00000185658.9	926	21	rs6517529	0|1	rs6517529	0.9195	21	40584598	rs6517529	3	6	9	0.6666666666666666	N	N	Y	Y
chr21	40652142	ENSG00000185658.9	925	21	rs2836972	0|1	rs2836972	0.3171	21	40652142	rs2836972	0	2	2	1.0	N	N	Y	Y
chr21	40714478	ENSG00000205581.6	955	21	rs3167757	0|1	rs3167757	0.4046	21	40714478	rs3167757	456	275	731	0.3761969904240766	N	N	Y	Y
chr21	40720494	ENSG00000205581.6	954	21	rs34613278	0|1	rs34613278	0.0636	21	40720494	rs34613278	195	184	379	0.4854881266490765	N	N	Y	Y
chr21	40793911	ENSG00000157578.9	1012	21	rs2837020	0|1	rs2837020	0.1451	21	40793911	rs2837020	0	1	1	1.0	N	N	Y	Y
chr21	40800371	ENSG00000157578.9	1004	21	rs2837029	0|1	rs2837029	0.2157	21	40800371	rs2837029	1	0	1	0.0	N	N	Y	Y
chr21	42622786	ENSG00000182240.11	1083	21	rs1046210	0|1	rs1046210	0.3797	21	42622786	rs1046210	7	5	12	0.4166666666666667	N	N	Y	Y
chr21	42647821	ENSG00000182240.11	1084	21	rs12149	0|1	rs12149	0.4622	21	42647821	rs12149	1	3	4	0.75	N	N	Y	Y
chr21	43160582	ENSG00000183421.7	1160	21	rs187507566	1|0	rs187507566	0.005	21	43160582	rs187507566	0	1	1	1.0	N	N	Y	Y
chr21	43218864	ENSG00000141956.9	1178	21	rs1054756	1|0	rs1054756	0.1113	21	43218864	rs1054756	14	15	29	0.5172413793103449	N	N	Y	Y
chr21	43220724	ENSG00000141956.9	1179	21	rs2838127	0|1	rs2838127	0.669	21	43220724	rs2838127	3	2	5	0.4	N	N	Y	Y
chr21	43221826	ENSG00000141956.9	1174	21	rs2236696	0|1	rs2236696	0.6978	21	43221826	rs2236696	4	5	9	0.5555555555555556	N	N	Y	Y
chr21	43305435	ENSG00000157617.12	1189	21	rs3168	1|0	rs3168	0.8429	21	43305435	rs3168	12	4	16	0.25	N	N	Y	Y
chr21	43444731	ENSG00000237232.3	1196	21	rs3737429	1|0	rs3737429	0.0666	21	43444731	rs3737429	0	1	1	1.0	N	N	Y	Y
chr21	43716901	ENSG00000160179.14	1274	21	rs1044317	1|0	rs1044317	0.5537	21	43716901	rs1044317	11	8	19	0.42105263157894735	N	N	Y	Y
chr21	43792665	ENSG00000160183.9	1293	21	rs225309	0|1	rs225309	0.4453	21	43792665	rs225309	17	42	59	0.7118644067796609	N	N	Y	Y
chr21	43803412	ENSG00000160183.9	1282	21	rs8129105	1|0	rs8129105	0.4354	21	43803412	rs8129105	2	1	3	0.3333333333333333	N	N	Y	Y
chr21	43854985	ENSG00000160185.9	1295	21	rs17114925	0|1	rs17114925	0.1262	21	43854985	rs17114925	2	5	7	0.7142857142857143	N	N	Y	Y
chr21	43863521	ENSG00000160185.9	1297	21	rs868092	0|1	rs868092	0.6879	21	43863521	rs868092	1	4	5	0.8	N	N	Y	Y
chr21	43892641	ENSG00000160188.5	1310	21	rs2839531	1|0	rs2839531	0.9254	21	43892641	rs2839531	3	0	3	0.0	N	N	Y	Y
chr21	43905327	ENSG00000160188.5	1308	21	rs2839535	1|0	rs2839535	0.7028	21	43905327	rs2839535	1	0	1	0.0	N	N	Y	Y
chr21	44269654	ENSG00000160193.7	1350	21	rs2156314	1|0	rs2156314	0.4751	21	44269654	rs2156314	17	11	28	0.3928571428571429	N	N	Y	Y
chr21	44269743	ENSG00000160193.7	1351	21	rs7281655	0|1	rs7281655	0.1779	21	44269743	rs7281655	11	22	33	0.6666666666666666	N	N	Y	Y
chr21	44269860	ENSG00000160193.7	1352	21	rs60406170	0|1	rs60406170	0.0646	21	44269860	rs60406170	11	22	33	0.6666666666666666	N	N	Y	Y
chr21	44270229	ENSG00000160193.7	1358	21	rs6586250	0|1	rs6586250	0.1779	21	44270229	rs6586250	19	25	44	0.5681818181818182	N	N	Y	Y
chr21	44273858	ENSG00000160193.7	1340	21	rs15736	0|1	rs15736	0.3767	21	44273858	rs15736	20	8	28	0.2857142857142857	N	N	Y	Y
chr21	44293744	ENSG00000160193.7	1339	21	rs2248490	0|1	rs2248490	0.5258	21	44293744	rs2248490	25	16	41	0.3902439024390244	N	N	Y	Y
chr21	44299324	ENSG00000160193.7	1361	21	rs8127072	0|1	rs8127072	0.5855	21	44299324	rs8127072	2	1	3	0.3333333333333333	N	N	Y	Y
chr21	44323590	ENSG00000160194.13	1366	21	rs4148973	0|1	rs4148973	0.5885	21	44323590	rs4148973	16	4	20	0.2	N	N	Y	Y
chr21	44323720	ENSG00000160194.13	1367	21	rs4148974	0|1	rs4148974	0.0755	21	44323720	rs4148974	14	10	24	0.4166666666666667	N	N	Y	Y
chr21	44324365	ENSG00000160194.13	1368	21	rs10595	0|1	rs10595	0.5885	21	44324365	rs10595	22	11	33	0.3333333333333333	N	N	Y	Y
chr21	44517758	ENSG00000160201.7	1403	21	rs4919963	1|0	rs4919963	0.1372	21	44517758	rs4919963	3	1	4	0.25	N	N	Y	Y
chr21	44517914	ENSG00000160201.7	1404	21	rs1060112	1|0	rs1060112	0.4046	21	44517914	rs1060112	4	6	10	0.6	N	N	Y	Y
chr21	44518028	ENSG00000160201.7	1405	21	rs1060111	1|0	rs1060111	0.4046	21	44518028	rs1060111	8	1	9	0.1111111111111111	N	N	Y	Y
chr21	44518691	ENSG00000160201.7	1406	21	rs2839635	1|0	rs2839635	0.4046	21	44518691	rs2839635	2	5	7	0.7142857142857143	N	N	Y	Y
chr21	44846016	ENSG00000142178.7	1425	21	rs3746951	0|1	rs3746951	0.2684	21	44846016	rs3746951	5	3	8	0.375	N	N	Y	Y
chr21	45078035	ENSG00000160207.4	1432	21	rs2838343	0|1	rs2838343	0.5815	21	45078035	rs2838343	1	0	1	0.0	N	N	Y	Y
chr21	45175958	ENSG00000160209.14	1445	21	rs7527	0|1	rs7527	0.5109	21	45175958	rs7527	47	44	91	0.4835164835164835	N	N	Y	Y
chr21	45385907	ENSG00000160216.14	1483	21	rs2000787	1|0	rs2000787	0.1869	21	45385907	rs2000787	5	2	7	0.2857142857142857	N	N	Y	Y
chr21	45386033	ENSG00000160216.14	1484	21	rs2000788	1|0	rs2000788	0.5378	21	45386033	rs2000788	2	2	4	0.5	N	N	Y	Y
chr21	45386559	ENSG00000160216.14	1485	21	rs6518340	1|0	rs6518340	0.1938	21	45386559	rs6518340	3	5	8	0.625	N	N	Y	Y
chr21	45387008	ENSG00000160216.14	1486	21	rs4819354	1|0	rs4819354	0.4891	21	45387008	rs4819354	3	3	6	0.5	N	N	Y	Y
chr21	45387109	ENSG00000160216.14	1487	21	rs6518342	1|0	rs6518342	0.1968	21	45387109	rs6518342	2	3	5	0.6	N	N	Y	Y
chr21	45643396	ENSG00000160223.12	1492	21	rs2298565	0|1	rs2298565	0.5567	21	45643396	rs2298565	33	24	57	0.42105263157894735	N	N	Y	Y
chr21	45646010	ENSG00000160223.12	1493	21	rs1008537	0|1	rs1008537	0.2565	21	45646010	rs1008537	12	12	24	0.5	N	N	Y	Y
chr21	45646131	ENSG00000160223.12	1494	21	rs9976552	0|1	rs9976552	0.2525	21	45646131	rs9976552	14	12	26	0.4615384615384616	N	N	Y	Y
chr21	45646256	ENSG00000160223.12	1495	21	rs4818890	1|0	rs4818890	0.4394	21	45646256	rs4818890	9	16	25	0.64	N	N	Y	Y
chr21	45647202	ENSG00000160223.12	1506	21	rs4819387	1|0	rs4819387	0.4563	21	45647202	rs4819387	7	22	29	0.7586206896551724	N	N	Y	Y
chr21	45647646	ENSG00000160223.12	1507	21	rs15927	0|1	rs15927	0.2555	21	45647646	rs15927	18	21	39	0.5384615384615384	N	N	Y	Y
chr21	45647834	ENSG00000160223.12	1508	21	rs117576800	0|1	rs117576800	0.2525	21	45647834	rs117576800	7	2	9	0.2222222222222222	N	N	Y	Y
chr21	45648488	ENSG00000160223.12	1509	21	rs3804033	0|1	rs3804033	0.2545	21	45648488	rs3804033	22	16	38	0.42105263157894735	N	N	Y	Y
chr21	45656774	ENSG00000160223.12	1490	21	rs11558819	0|1	rs11558819	0.2873	21	45656774	rs11558819	32	0	32	0.0	N	N	Y	Y
chr21	45741359	ENSG00000141959.12	1539	21	rs2298692	0|1	rs2298692	0.825	21	45741359	rs2298692	1	0	1	0.0	N	N	Y	Y
chr21	45749141	ENSG00000160226.11	1541	21	rs79299307	0|1	rs79299307	0.0209	21	45749141	rs79299307	4	2	6	0.3333333333333333	N	N	Y	Y
chr21	46189094	ENSG00000184787.14	1573	21	rs79419717	0|1	rs79419717	0.0398	21	46189094	rs79419717	36	29	65	0.4461538461538462	N	N	Y	Y
chr21	46189230	ENSG00000184787.14	1574	21	rs8103	1|0	rs8103	0.4254	21	46189230	rs8103	61	79	140	0.5642857142857143	N	N	Y	Y
chr21	46189652	ENSG00000184787.14	1576	21	rs760432	1|0	rs760432	0.4254	21	46189652	rs760432	61	59	120	0.4916666666666666	N	N	Y	Y
chr21	46190182	ENSG00000184787.14	1577	21	rs235356	1|0	rs235356	0.5666	21	46190182	rs235356	57	43	100	0.43	N	N	Y	Y
chr21	46190410	ENSG00000184787.14	1578	21	rs1071792	1|0	rs1071792	0.4135	21	46190410	rs1071792	36	28	64	0.4375	N	N	Y	Y
chr21	46190842	ENSG00000184787.14	1579	21	rs2838678	1|0	rs2838678	0.4274	21	46190842	rs2838678	54	45	99	0.4545454545454545	N	N	Y	Y
chr21	46191174	ENSG00000184787.14	1580	21	rs1060564	1|0	rs1060564	0.7227	21	46191174	rs1060564	43	58	101	0.5742574257425742	N	N	Y	Y
chr21	46191256	ENSG00000184787.14	1591	21	rs4818975	1|0	rs4818975	0.4294	21	46191256	rs4818975	59	54	113	0.4778761061946903	N	N	Y	Y
chr21	46194281	ENSG00000184787.14	1560	21	rs235358	1|0	rs235358	0.7266	21	46194281	rs235358	3	15	18	0.8333333333333334	N	N	Y	Y
chr21	46195243	ENSG00000184787.14	1561	21	rs235360	1|0	rs235360	0.7107	21	46195243	rs235360	12	11	23	0.4782608695652174	N	N	Y	Y
chr21	46306138	ENSG00000160255.12	1615	21	rs1160263	0|1	rs1160263	0.1948	21	46306138	rs1160263	241	0	241	0.0	N	N	Y	Y
chr21	46313442	ENSG00000160255.12	1614	21	rs2230529	1|0	rs2230529	0.2505	21	46313442	rs2230529	117	123	240	0.5125	N	N	Y	Y
chr21	46353125	ENSG00000183250.7	1630	21	rs7278847	1|0	rs7278847	0.3638	21	46353125	rs7278847	4	2	6	0.3333333333333333	N	N	Y	Y
chr21	46353312	ENSG00000183250.7	1631	21	rs7283236	1|0	rs7283236	0.3598	21	46353312	rs7283236	9	17	26	0.6538461538461539	N	N	Y	Y
chr21	46353637	ENSG00000183250.7	1632	21	rs7278544	1|0	rs7278544	0.3628	21	46353637	rs7278544	6	12	18	0.6666666666666666	N	N	Y	Y
chr21	46353678	ENSG00000183250.7	1633	21	rs7282201	1|0	rs7282201	0.1889	21	46353678	rs7282201	8	12	20	0.6	N	N	Y	Y
chr21	46353743	ENSG00000183250.7	1634	21	rs80246834	0|1	rs80246834	0.0497	21	46353743	rs80246834	11	5	16	0.3125	N	N	Y	Y
chr21	46353949	ENSG00000183250.7	1635	21	rs12483718	1|0	rs12483718	0.1899	21	46353949	rs12483718	7	5	12	0.4166666666666667	N	N	Y	Y
chr21	46354055	ENSG00000183250.7	1636	21	rs9974172	1|0	rs9974172	0.8559	21	46354055	rs9974172	9	11	20	0.55	N	N	Y	Y
chr21	46355710	ENSG00000183250.7	1637	21	rs11088971	1|0	rs11088971	0.3598	21	46355710	rs11088971	12	8	20	0.4	N	N	Y	Y
chr21	46393090	ENSG00000160256.8	1640	21	rs3827260	0|1	rs3827260	0.6382	21	46393090	rs3827260	0	1	1	1.0	N	N	Y	Y
chr21	46926054	ENSG00000182871.10	1711	21	rs2236483	0|1	rs2236483	0.3926	21	46926054	rs2236483	1	0	1	0.0	N	N	Y	Y
chr21	46926297	ENSG00000182871.10	1712	21	rs2838950	0|1	rs2838950	0.2584	21	46926297	rs2838950	2	0	2	0.0	N	N	Y	Y
chr21	46927013	ENSG00000182871.10	1716	21	rs12482195	0|1	rs12482195	0.5915	21	46927013	rs12482195	1	0	1	0.0	N	N	Y	Y
chr21	46929467	ENSG00000182871.10	1706	21	rs1050351	0|1	rs1050351	0.4235	21	46929467	rs1050351	0	1	1	1.0	N	N	Y	Y
chr21	46932328	ENSG00000173638.14	1735	21	rs7499	0|1	rs7499	0.3996	21	46932328	rs7499	1	2	3	0.6666666666666666	N	N	Y	Y
chr21	47608580	ENSG00000160285.10	1790	21	rs2968	1|0	rs2968	0.6123	21	47608580	rs2968	3	2	5	0.4	N	N	Y	Y
chr21	47609510	ENSG00000160285.10	1802	21	rs9717	1|0	rs9717	0.6809	21	47609510	rs9717	73	65	138	0.4710144927536232	N	N	Y	Y
chr21	47609677	ENSG00000160285.10	1803	21	rs914247	1|0	rs914247	0.6729999999999999	21	47609677	rs914247	70	84	154	0.5454545454545454	N	N	Y	Y
chr21	47610066	ENSG00000160285.10	1804	21	rs2330408	1|0	rs2330408	0.674	21	47610066	rs2330408	46	34	80	0.425	N	N	Y	Y
chr21	47614469	ENSG00000160285.10	1789	21	rs2254524	1|0	rs2254524	0.6809	21	47614469	rs2254524	38	44	82	0.5365853658536586	N	N	Y	Y
chr21	47635627	ENSG00000160285.10	1788	21	rs9980968	1|0	rs9980968	0.4235	21	47635627	rs9980968	40	38	78	0.4871794871794872	N	N	Y	Y
chr21	47676711	ENSG00000160294.6	1852	21	rs2839173	0|1	rs2839173	0.3598	21	47676711	rs2839173	34	40	74	0.5405405405405406	N	N	Y	Y
chr21	47706297	ENSG00000182362.9	1865	21	rs2298699	1|0	rs2298699	0.4105	21	47706297	rs2298699	12	6	18	0.3333333333333333	N	N	Y	Y
chr21	47706535	ENSG00000182362.9	1866	21	rs17176110	0|1	rs17176110	0.3638	21	47706535	rs17176110	1	2	3	0.6666666666666666	N	N	Y	Y
chr21	47721228	ENSG00000160298.13	1877	21	rs11089057	1|0	rs11089057	0.2068	21	47721228	rs11089057	10	7	17	0.4117647058823529	N	N	Y	Y
chr21	47734659	ENSG00000160298.13	1876	21	rs13047478	0|1	rs13047478	0.33	21	47734659	rs13047478	7	5	12	0.4166666666666667	N	N	Y	Y
chr21	47773103	ENSG00000160299.12	1882	21	rs2249057	1|0	rs2249057	0.3449	21	47773103	rs2249057	9	7	16	0.4375	N	N	Y	Y
chr21	47811272	ENSG00000160299.12	1883	21	rs3737438	1|0	rs3737438	0.3907	21	47811272	rs3737438	9	12	21	0.5714285714285714	N	N	Y	Y
chr21	47836651	ENSG00000160299.12	1884	21	rs200610141	1|0	rs200610141	0.001	21	47836651	rs200610141	5	7	12	0.5833333333333334	N	N	Y	Y
chr21	47850484	ENSG00000160299.12	1886	21	rs2070426	1|0	rs2070426	0.5586	21	47850484	rs2070426	6	17	23	0.7391304347826086	N	N	Y	Y
chr21	47851753	ENSG00000160299.12	1887	21	rs2073376	1|0	rs2073376	0.6511	21	47851753	rs2073376	19	16	35	0.4571428571428571	N	N	Y	Y
chr21	47863757	ENSG00000160299.12	1888	21	rs2073380	1|0	rs2073380	0.2157	21	47863757	rs2073380	19	17	36	0.4722222222222222	N	N	Y	Y
