snp_pair	geneID	chr	chrN	pos	lag_pos	rsid	lag_rs	snp	lag_snp	RS_number	rs148591619	rs199557111	rs187507566	rs200610141	variable	value
rs1008537-rs2298565	ENSG00000160223.12	chr21	21	45646010	45643396	rs1008537	rs2298565	chr21:45646010	chr21:45643396	rs1008537	NA	NA	NA	NA	rs2298565	0.285
rs1041403-rs2822988	ENSG00000180530.5	chr21	21	16335515	16334963	rs1041403	rs2822988	chr21:16335515	chr21:16334963	rs1041403	NA	NA	NA	NA	rs2822988	1
rs1041439-rs1065242	ENSG00000185658.9	chr21	21	40571246	40567716	rs1041439	rs1065242	chr21:40571246	chr21:40567716	rs1041439	NA	NA	NA	NA	rs1065242	0.057
rs1044317-rs3737429	ENSG00000160179.14	chr21	21	43716901	NA	rs1044317	rs3737429	chr21:43716901	chr21:43444731	rs1044317	NA	NA	NA	NA	rs3737429	0.002
rs1046210-rs2837029	ENSG00000182240.11	chr21	21	42622786	NA	rs1046210	rs2837029	chr21:42622786	chr21:40800371	rs1046210	NA	NA	NA	NA	rs2837029	0.002
rs1047978-rs1352601	ENSG00000154642.6	chr21	21	19169155	19165090	rs1047978	rs1352601	chr21:19169155	chr21:19165090	rs1047978	NA	NA	NA	NA	rs1352601	0.332
rs1048546-rs15988	ENSG00000156239.7	chr21	21	30244877	30244800	rs1048546	rs15988	chr21:30244877	chr21:30244800	rs1048546	NA	NA	NA	NA	rs15988	0.454
rs1050351-rs12482195	ENSG00000182871.10	chr21	21	46929467	46927013	rs1050351	rs12482195	chr21:46929467	chr21:46927013	rs1050351	NA	NA	NA	NA	rs12482195	0.638
rs1053808-rs1133001	ENSG00000182670.9	chr21	21	38525356	38512956	rs1053808	rs1133001	chr21:38525356	chr21:38512956	rs1053808	NA	NA	NA	NA	rs1133001	0.832
rs1053966-rs2835655	ENSG00000182670.9	chr21	21	38568009	38563725	rs1053966	rs2835655	chr21:38568009	chr21:38563725	rs1053966	NA	NA	NA	NA	rs2835655	0.47
rs1053984-rs6579	ENSG00000182670.9	chr21	21	38574018	38568308	rs1053984	rs6579	chr21:38574018	chr21:38568308	rs1053984	NA	NA	NA	NA	rs6579	0.812
rs1056930-rs1041403	ENSG00000180530.5	chr21	21	16336804	16335515	rs1056930	rs1041403	chr21:16336804	chr21:16335515	rs1056930	NA	NA	NA	NA	rs1041403	0.259
rs10595-rs4148974	ENSG00000160194.13	chr21	21	44324365	44323720	rs10595	rs4148974	chr21:44324365	chr21:44323720	rs10595	NA	NA	NA	NA	rs4148974	0.038
rs1060111-rs1060112	ENSG00000160201.7	chr21	21	44518028	44517914	rs1060111	rs1060112	chr21:44518028	chr21:44517914	rs1060111	NA	NA	NA	NA	rs1060112	1
rs1060112-rs4919963	ENSG00000160201.7	chr21	21	44517914	44517758	rs1060112	rs4919963	chr21:44517914	chr21:44517758	rs1060112	NA	NA	NA	NA	rs4919963	0.189
rs1060564-rs2838678	ENSG00000184787.14	chr21	21	46191174	46190842	rs1060564	rs2838678	chr21:46191174	chr21:46190842	rs1060564	NA	NA	NA	NA	rs2838678	0.287
rs1063949-rs1053984	ENSG00000182670.9	chr21	21	38574675	38574018	rs1063949	rs1053984	chr21:38574675	chr21:38574018	rs1063949	NA	NA	NA	NA	rs1053984	0.832
rs1065242-rs3945	ENSG00000185658.9	chr21	21	40567716	40566067	rs1065242	rs3945	chr21:40567716	chr21:40566067	rs1065242	NA	NA	NA	NA	rs3945	1
rs1065758-rs62229404	ENSG00000159267.10	chr21	21	38308911	NA	rs1065758	rs62229404	chr21:38308911	chr21:37759957	rs1065758	NA	NA	NA	NA	rs62229404	0
rs1071792-rs235356	ENSG00000184787.14	chr21	21	46190410	46190182	rs1071792	rs235356	chr21:46190410	chr21:46190182	rs1071792	NA	NA	NA	NA	rs235356	0.422
rs11088017-rs2822432	ENSG00000155304.4	chr21	21	15744767	NA	rs11088017	rs2822432	chr21:15744767	chr21:15516948	rs11088017	NA	NA	NA	NA	rs2822432	0.001
rs11088971-rs9974172	ENSG00000183250.7	chr21	21	46355710	46354055	rs11088971	rs9974172	chr21:46355710	chr21:46354055	rs11088971	NA	NA	NA	NA	rs9974172	0.132
rs11089057-rs17176110	ENSG00000160298.13	chr21	21	47721228	NA	rs11089057	rs17176110	chr21:47721228	chr21:47706535	rs11089057	NA	NA	NA	NA	rs17176110	0.14
rs111620734-rs2070409	ENSG00000156299.8	chr21	21	32492670	32492492	rs111620734	rs2070409	chr21:32492670	chr21:32492492	rs111620734	NA	NA	NA	NA	rs2070409	0.026
rs11170-rs2254796	ENSG00000156253.2	chr21	21	30378090	NA	rs11170	rs2254796	chr21:30378090	chr21:30341891	rs11170	NA	NA	NA	NA	rs2254796	0.98
rs1128922-rs1063949	ENSG00000157538.9	chr21	21	38596677	NA	rs1128922	rs1063949	chr21:38596677	chr21:38574675	rs1128922	NA	NA	NA	NA	rs1063949	0.082
rs1133001-rs28666643	ENSG00000182670.9	chr21	21	38512956	38455999	rs1133001	rs28666643	chr21:38512956	chr21:38455999	rs1133001	NA	NA	NA	NA	rs28666643	0.783
rs11558819-rs3804033	ENSG00000160223.12	chr21	21	45656774	45648488	rs11558819	rs3804033	chr21:45656774	chr21:45648488	rs11558819	NA	NA	NA	NA	rs3804033	0.008
rs115786160-rs2236686	ENSG00000157557.7	chr21	21	40190443	NA	rs115786160	rs2236686	chr21:40190443	chr21:38888744	rs115786160	NA	NA	NA	NA	rs2236686	0.001
rs1160263-rs235360	ENSG00000160255.12	chr21	21	46306138	NA	rs1160263	rs235360	chr21:46306138	chr21:46195243	rs1160263	NA	NA	NA	NA	rs235360	0.048
rs117576800-rs15927	ENSG00000160223.12	chr21	21	45647834	45647646	rs117576800	rs15927	chr21:45647834	chr21:45647646	rs117576800	NA	NA	NA	NA	rs15927	1
rs11910271-rs2254562	ENSG00000205930.4	chr21	21	34144545	NA	rs11910271	rs2254562	chr21:34144545	chr21:34059352	rs11910271	NA	NA	NA	NA	rs2254562	0.043
rs12149-rs1046210	ENSG00000182240.11	chr21	21	42647821	42622786	rs12149	rs1046210	chr21:42647821	chr21:42622786	rs12149	NA	NA	NA	NA	rs1046210	0.581
rs12482195-rs2838950	ENSG00000182871.10	chr21	21	46927013	46926297	rs12482195	rs2838950	chr21:46927013	chr21:46926297	rs12482195	NA	NA	NA	NA	rs2838950	0.269
rs12483718-rs80246834	ENSG00000183250.7	chr21	21	46353949	46353743	rs12483718	rs80246834	chr21:46353949	chr21:46353743	rs12483718	NA	NA	NA	NA	rs80246834	0.024
rs13047478-rs11089057	ENSG00000160298.13	chr21	21	47734659	47721228	rs13047478	rs11089057	chr21:47734659	chr21:47721228	rs13047478	NA	NA	NA	NA	rs11089057	0.113
rs13052882-rs14194	ENSG00000183527.7	chr21	21	40555351	40549466	rs13052882	rs14194	chr21:40555351	chr21:40549466	rs13052882	NA	NA	NA	NA	rs14194	1
rs1352601-rs2257906	ENSG00000154642.6	chr21	21	19165090	19163803	rs1352601	rs2257906	chr21:19165090	chr21:19163803	rs1352601	NA	NA	NA	NA	rs2257906	0.332
rs13554-rs2833926	ENSG00000159082.13	chr21	21	34001496	NA	rs13554	rs2833926	chr21:34001496	chr21:33975279	rs13554	NA	NA	NA	NA	rs2833926	0.088
rs14194-rs115786160	ENSG00000183527.7	chr21	21	40549466	NA	rs14194	rs115786160	chr21:40549466	chr21:40190443	rs14194	NA	NA	NA	NA	rs115786160	0.007
rs148591619-rs9808753	ENSG00000159140.13	chr21	21	34925263	NA	rs148591619	rs9808753	chr21:34925263	chr21:34787312	rs148591619	NA	NA	NA	NA	rs9808753	NA
rs1539784-rs2832236	ENSG00000186971.2	chr21	21	31803210	NA	rs1539784	rs2832236	chr21:31803210	chr21:30547602	rs1539784	NA	NA	NA	NA	rs2832236	0
rs15736-rs6586250	ENSG00000160193.7	chr21	21	44273858	44270229	rs15736	rs6586250	chr21:44273858	chr21:44270229	rs15736	NA	NA	NA	NA	rs6586250	0.308
rs15927-rs4819387	ENSG00000160223.12	chr21	21	45647646	45647202	rs15927	rs4819387	chr21:45647646	chr21:45647202	rs15927	NA	NA	NA	NA	rs4819387	0.309
rs15988-rs73161764	ENSG00000156239.7	chr21	21	30244800	NA	rs15988	rs73161764	chr21:30244800	chr21:27097053	rs15988	NA	NA	NA	NA	rs73161764	0.001
rs16997869-rs8178562	ENSG00000142166.8	chr21	21	34696867	NA	rs16997869	rs8178562	chr21:34696867	chr21:34668976	rs16997869	NA	NA	NA	NA	rs8178562	0.097
rs17114925-rs8129105	ENSG00000160185.9	chr21	21	43854985	NA	rs17114925	rs8129105	chr21:43854985	chr21:43803412	rs17114925	NA	NA	NA	NA	rs8129105	0.007
rs17176110-rs2298699	ENSG00000182362.9	chr21	21	47706535	47706297	rs17176110	rs2298699	chr21:47706535	chr21:47706297	rs17176110	NA	NA	NA	NA	rs2298699	0.447
rs17229045-rs1065758	ENSG00000185808.9	chr21	21	38436944	NA	rs17229045	rs1065758	chr21:38436944	chr21:38308911	rs17229045	NA	NA	NA	NA	rs1065758	0.009
rs1735230-rs11088017	ENSG00000155307.13	chr21	21	15868238	NA	rs1735230	rs11088017	chr21:15868238	chr21:15744767	rs1735230	NA	NA	NA	NA	rs11088017	0.029
rs1803439-rs2835729	ENSG00000157540.15	chr21	21	38885442	38792077	rs1803439	rs2835729	chr21:38885442	chr21:38792077	rs1803439	NA	NA	NA	NA	rs2835729	0.37
rs187507566-rs12149	ENSG00000183421.7	chr21	21	43160582	NA	rs187507566	rs12149	chr21:43160582	chr21:42647821	rs187507566	NA	NA	NA	NA	rs12149	NA
rs199557111-rs7115	ENSG00000185917.9	chr21	21	37410469	NA	rs199557111	rs7115	chr21:37410469	chr21:35515117	rs199557111	NA	NA	NA	NA	rs7115	NA
rs2000787-rs7527	ENSG00000160216.14	chr21	21	45385907	NA	rs2000787	rs7527	chr21:45385907	chr21:45175958	rs2000787	NA	NA	NA	NA	rs7527	0.012
rs2000788-rs2000787	ENSG00000160216.14	chr21	21	45386033	45385907	rs2000788	rs2000787	chr21:45386033	chr21:45385907	rs2000788	NA	NA	NA	NA	rs2000787	0.181
rs200610141-rs3737438	ENSG00000160299.12	chr21	21	47836651	47811272	rs200610141	rs3737438	chr21:47836651	chr21:47811272	rs200610141	NA	NA	NA	NA	rs3737438	NA
rs2027601-rs2186337	ENSG00000157538.9	chr21	21	38599440	38598576	rs2027601	rs2186337	chr21:38599440	chr21:38598576	rs2027601	NA	NA	NA	NA	rs2186337	0.789
rs2065266-rs9983960	ENSG00000156239.7	chr21	21	30245239	30244968	rs2065266	rs9983960	chr21:30245239	chr21:30244968	rs2065266	NA	NA	NA	NA	rs9983960	1
rs2065269-rs2065266	ENSG00000156239.7	chr21	21	30245374	30245239	rs2065269	rs2065266	chr21:30245374	chr21:30245239	rs2065269	NA	NA	NA	NA	rs2065266	0.303
rs2070409-rs1539784	ENSG00000156299.8	chr21	21	32492492	NA	rs2070409	rs1539784	chr21:32492492	chr21:31803210	rs2070409	NA	NA	NA	NA	rs1539784	0.009
rs2073376-rs2070426	ENSG00000160299.12	chr21	21	47851753	47850484	rs2073376	rs2070426	chr21:47851753	chr21:47850484	rs2073376	NA	NA	NA	NA	rs2070426	0.738
rs2073380-rs2073376	ENSG00000160299.12	chr21	21	47863757	47851753	rs2073380	rs2073376	chr21:47863757	chr21:47851753	rs2073380	NA	NA	NA	NA	rs2073376	0.16
rs2150395-rs62222239	ENSG00000156239.7	chr21	21	30247858	30247628	rs2150395	rs62222239	chr21:30247858	chr21:30247628	rs2150395	NA	NA	NA	NA	rs62222239	1
rs2156314-rs2839535	ENSG00000160193.7	chr21	21	44269654	NA	rs2156314	rs2839535	chr21:44269654	chr21:43905327	rs2156314	NA	NA	NA	NA	rs2839535	0
rs2186337-rs1128922	ENSG00000157538.9	chr21	21	38598576	38596677	rs2186337	rs1128922	chr21:38598576	chr21:38596677	rs2186337	NA	NA	NA	NA	rs1128922	0.625
rs2211792-rs78234759	ENSG00000198743.5	chr21	21	35471815	NA	rs2211792	rs78234759	chr21:35471815	chr21:35284683	rs2211792	NA	NA	NA	NA	rs78234759	0.001
rs2230529-rs1160263	ENSG00000160255.12	chr21	21	46313442	46306138	rs2230529	rs1160263	chr21:46313442	chr21:46306138	rs2230529	NA	NA	NA	NA	rs1160263	0.077
rs2236483-rs3827260	ENSG00000182871.10	chr21	21	46926054	NA	rs2236483	rs3827260	chr21:46926054	chr21:46393090	rs2236483	NA	NA	NA	NA	rs3827260	0.006
rs2236686-rs1803439	ENSG00000157540.15	chr21	21	38888744	38885442	rs2236686	rs1803439	chr21:38888744	chr21:38885442	rs2236686	NA	NA	NA	NA	rs1803439	0.65
rs2236696-rs2838127	ENSG00000141956.9	chr21	21	43221826	43220724	rs2236696	rs2838127	chr21:43221826	chr21:43220724	rs2236696	NA	NA	NA	NA	rs2838127	0.887
rs2244724-rs28570507	ENSG00000198743.5	chr21	21	35474410	35472847	rs2244724	rs28570507	chr21:35474410	chr21:35472847	rs2244724	NA	NA	NA	NA	rs28570507	0.03
rs2248490-rs15736	ENSG00000160193.7	chr21	21	44293744	44273858	rs2248490	rs15736	chr21:44293744	chr21:44273858	rs2248490	NA	NA	NA	NA	rs15736	0.51
rs2249057-rs13047478	ENSG00000160299.12	chr21	21	47773103	NA	rs2249057	rs13047478	chr21:47773103	chr21:47734659	rs2249057	NA	NA	NA	NA	rs13047478	0.291
rs225309-rs1044317	ENSG00000160183.9	chr21	21	43792665	NA	rs225309	rs1044317	chr21:43792665	chr21:43716901	rs225309	NA	NA	NA	NA	rs1044317	0.005
rs2254524-rs2330408	ENSG00000160285.10	chr21	21	47614469	47610066	rs2254524	rs2330408	chr21:47614469	chr21:47610066	rs2254524	NA	NA	NA	NA	rs2330408	0.933
rs2254562-rs13554	ENSG00000159082.13	chr21	21	34059352	34001496	rs2254562	rs13554	chr21:34059352	chr21:34001496	rs2254562	NA	NA	NA	NA	rs13554	0.409
rs2254796-rs61735765	ENSG00000198862.9	chr21	21	30341891	NA	rs2254796	rs61735765	chr21:30341891	chr21:30255347	rs2254796	NA	NA	NA	NA	rs61735765	0.092
rs2257906-rs243609	ENSG00000154642.6	chr21	21	19163803	19161689	rs2257906	rs243609	chr21:19163803	chr21:19161689	rs2257906	NA	NA	NA	NA	rs243609	0.68
rs2297257-rs13052882	ENSG00000185658.9	chr21	21	40562165	NA	rs2297257	rs13052882	chr21:40562165	chr21:40555351	rs2297257	NA	NA	NA	NA	rs13052882	0.057
rs2298565-rs6518342	ENSG00000160223.12	chr21	21	45643396	NA	rs2298565	rs6518342	chr21:45643396	chr21:45387109	rs2298565	NA	NA	NA	NA	rs6518342	0.026
rs2298692-rs11558819	ENSG00000141959.12	chr21	21	45741359	NA	rs2298692	rs11558819	chr21:45741359	chr21:45656774	rs2298692	NA	NA	NA	NA	rs11558819	0
rs2298699-rs2839173	ENSG00000182362.9	chr21	21	47706297	NA	rs2298699	rs2839173	chr21:47706297	chr21:47676711	rs2298699	NA	NA	NA	NA	rs2839173	0.31
rs2330408-rs914247	ENSG00000160285.10	chr21	21	47610066	47609677	rs2330408	rs914247	chr21:47610066	chr21:47609677	rs2330408	NA	NA	NA	NA	rs914247	0.978
rs235356-rs760432	ENSG00000184787.14	chr21	21	46190182	46189652	rs235356	rs760432	chr21:46190182	chr21:46189652	rs235356	NA	NA	NA	NA	rs760432	0.461
rs235358-rs4818975	ENSG00000184787.14	chr21	21	46194281	46191256	rs235358	rs4818975	chr21:46194281	chr21:46191256	rs235358	NA	NA	NA	NA	rs4818975	0.28
rs235360-rs235358	ENSG00000184787.14	chr21	21	46195243	46194281	rs235360	rs235358	chr21:46195243	chr21:46194281	rs235360	NA	NA	NA	NA	rs235358	0.976
rs2410104-rs2836933	ENSG00000185658.9	chr21	21	40564464	40564202	rs2410104	rs2836933	chr21:40564464	chr21:40564202	rs2410104	NA	NA	NA	NA	rs2836933	0.057
rs243606-rs1056930	ENSG00000154642.6	chr21	21	19161403	NA	rs243606	rs1056930	chr21:19161403	chr21:16336804	rs243606	NA	NA	NA	NA	rs1056930	0.043
rs243608-rs243606	ENSG00000154642.6	chr21	21	19161548	19161403	rs243608	rs243606	chr21:19161548	chr21:19161403	rs243608	NA	NA	NA	NA	rs243606	0.327
rs243609-rs243608	ENSG00000154642.6	chr21	21	19161689	19161548	rs243609	rs243608	chr21:19161689	chr21:19161548	rs243609	NA	NA	NA	NA	rs243608	0.327
rs2822988-rs1735230	ENSG00000180530.5	chr21	21	16334963	NA	rs2822988	rs1735230	chr21:16334963	chr21:15868238	rs2822988	NA	NA	NA	NA	rs1735230	0.001
rs2832236-rs56404428	ENSG00000156265.11	chr21	21	30547602	NA	rs2832236	rs56404428	chr21:30547602	chr21:30425212	rs2832236	NA	NA	NA	NA	rs56404428	0.283
rs2833926-rs9622	ENSG00000159079.14	chr21	21	33975279	NA	rs2833926	rs9622	chr21:33975279	chr21:33951068	rs2833926	NA	NA	NA	NA	rs9622	1
rs2833955-rs11910271	ENSG00000205929.5	chr21	21	34163431	NA	rs2833955	rs11910271	chr21:34163431	chr21:34144545	rs2833955	NA	NA	NA	NA	rs11910271	0.611
rs2835574-rs9977232	ENSG00000182670.9	chr21	21	38455324	38454456	rs2835574	rs9977232	chr21:38455324	chr21:38454456	rs2835574	NA	NA	NA	NA	rs9977232	1
rs2835575-rs2835574	ENSG00000182670.9	chr21	21	38455936	38455324	rs2835575	rs2835574	chr21:38455936	chr21:38455324	rs2835575	NA	NA	NA	NA	rs2835574	1
rs2835655-rs1053808	ENSG00000182670.9	chr21	21	38563725	38525356	rs2835655	rs1053808	chr21:38563725	chr21:38525356	rs2835655	NA	NA	NA	NA	rs1053808	0.479
rs2835726-rs2027601	ENSG00000157540.15	chr21	21	38791581	NA	rs2835726	rs2027601	chr21:38791581	chr21:38599440	rs2835726	NA	NA	NA	NA	rs2027601	0.009
rs2835729-rs2835726	ENSG00000157540.15	chr21	21	38792077	38791581	rs2835729	rs2835726	chr21:38792077	chr21:38791581	rs2835729	NA	NA	NA	NA	rs2835726	0.319
rs2836933-rs2297257	ENSG00000185658.9	chr21	21	40564202	40562165	rs2836933	rs2297257	chr21:40564202	chr21:40562165	rs2836933	NA	NA	NA	NA	rs2297257	0.057
rs2836972-rs6517529	ENSG00000185658.9	chr21	21	40652142	40584598	rs2836972	rs6517529	chr21:40652142	chr21:40584598	rs2836972	NA	NA	NA	NA	rs6517529	0.058
rs2837020-rs34613278	ENSG00000157578.9	chr21	21	40793911	NA	rs2837020	rs34613278	chr21:40793911	chr21:40720494	rs2837020	NA	NA	NA	NA	rs34613278	0.181
rs2837029-rs2837020	ENSG00000157578.9	chr21	21	40800371	40793911	rs2837029	rs2837020	chr21:40800371	chr21:40793911	rs2837029	NA	NA	NA	NA	rs2837020	0.582
rs2838127-rs1054756	ENSG00000141956.9	chr21	21	43220724	43218864	rs2838127	rs1054756	chr21:43220724	chr21:43218864	rs2838127	NA	NA	NA	NA	rs1054756	0.057
rs2838343-rs3746951	ENSG00000160207.4	chr21	21	45078035	NA	rs2838343	rs3746951	chr21:45078035	chr21:44846016	rs2838343	NA	NA	NA	NA	rs3746951	0
rs2838678-rs1071792	ENSG00000184787.14	chr21	21	46190842	46190410	rs2838678	rs1071792	chr21:46190842	chr21:46190410	rs2838678	NA	NA	NA	NA	rs1071792	0.919
rs2838950-rs2236483	ENSG00000182871.10	chr21	21	46926297	46926054	rs2838950	rs2236483	chr21:46926297	chr21:46926054	rs2838950	NA	NA	NA	NA	rs2236483	0.489
rs2839173-rs9980968	ENSG00000160294.6	chr21	21	47676711	NA	rs2839173	rs9980968	chr21:47676711	chr21:47635627	rs2839173	NA	NA	NA	NA	rs9980968	0.467
rs2839531-rs868092	ENSG00000160188.5	chr21	21	43892641	NA	rs2839531	rs868092	chr21:43892641	chr21:43863521	rs2839531	NA	NA	NA	NA	rs868092	0.018
rs2839535-rs2839531	ENSG00000160188.5	chr21	21	43905327	43892641	rs2839535	rs2839531	chr21:43905327	chr21:43892641	rs2839535	NA	NA	NA	NA	rs2839531	0.001
rs2839635-rs1060111	ENSG00000160201.7	chr21	21	44518691	44518028	rs2839635	rs1060111	chr21:44518691	chr21:44518028	rs2839635	NA	NA	NA	NA	rs1060111	1
rs28570507-rs2211792	ENSG00000198743.5	chr21	21	35472847	35471815	rs28570507	rs2211792	chr21:35472847	chr21:35471815	rs28570507	NA	NA	NA	NA	rs2211792	0.03
rs28666643-rs2835575	ENSG00000182670.9	chr21	21	38455999	38455936	rs28666643	rs2835575	chr21:38455999	chr21:38455936	rs28666643	NA	NA	NA	NA	rs2835575	0.816
rs2968-rs7499	ENSG00000160285.10	chr21	21	47608580	NA	rs2968	rs7499	chr21:47608580	chr21:46932328	rs2968	NA	NA	NA	NA	rs7499	0
rs3167757-rs2836972	ENSG00000205581.6	chr21	21	40714478	NA	rs3167757	rs2836972	chr21:40714478	chr21:40652142	rs3167757	NA	NA	NA	NA	rs2836972	0.441
rs3168-rs2236696	ENSG00000157617.12	chr21	21	43305435	NA	rs3168	rs2236696	chr21:43305435	chr21:43221826	rs3168	NA	NA	NA	NA	rs2236696	0.085
rs3171425-rs9975738	ENSG00000243646.4	chr21	21	34668747	NA	rs3171425	rs9975738	chr21:34668747	chr21:34602246	rs3171425	NA	NA	NA	NA	rs9975738	0.002
rs34613278-rs3167757	ENSG00000205581.6	chr21	21	40720494	40714478	rs34613278	rs3167757	chr21:40720494	chr21:40714478	rs34613278	NA	NA	NA	NA	rs3167757	0.005
rs3737429-rs3168	ENSG00000237232.3	chr21	21	43444731	NA	rs3737429	rs3168	chr21:43444731	chr21:43305435	rs3737429	NA	NA	NA	NA	rs3168	0.007
rs3737438-rs2249057	ENSG00000160299.12	chr21	21	47811272	47773103	rs3737438	rs2249057	chr21:47811272	chr21:47773103	rs3737438	NA	NA	NA	NA	rs2249057	0.863
rs3746951-rs2839635	ENSG00000142178.7	chr21	21	44846016	NA	rs3746951	rs2839635	chr21:44846016	chr21:44518691	rs3746951	NA	NA	NA	NA	rs2839635	0.001
rs3804033-rs117576800	ENSG00000160223.12	chr21	21	45648488	45647834	rs3804033	rs117576800	chr21:45648488	chr21:45647834	rs3804033	NA	NA	NA	NA	rs117576800	1
rs3827260-rs11088971	ENSG00000160256.8	chr21	21	46393090	NA	rs3827260	rs11088971	chr21:46393090	chr21:46355710	rs3827260	NA	NA	NA	NA	rs11088971	0.938
rs3945-rs2410104	ENSG00000185658.9	chr21	21	40566067	40564464	rs3945	rs2410104	chr21:40566067	chr21:40564464	rs3945	NA	NA	NA	NA	rs2410104	0.057
rs3989369-rs1047978	ENSG00000154719.9	chr21	21	26978950	NA	rs3989369	rs1047978	chr21:26978950	chr21:19169155	rs3989369	NA	NA	NA	NA	rs1047978	0.006
rs4148973-rs8127072	ENSG00000160194.13	chr21	21	44323590	NA	rs4148973	rs8127072	chr21:44323590	chr21:44299324	rs4148973	NA	NA	NA	NA	rs8127072	0.956
rs4148974-rs4148973	ENSG00000160194.13	chr21	21	44323720	44323590	rs4148974	rs4148973	chr21:44323720	chr21:44323590	rs4148974	NA	NA	NA	NA	rs4148973	0.037
rs4591-rs2040113	ENSG00000241837.2	chr21	21	35281393	35281183	rs4591	rs2040113	chr21:35281393	chr21:35281183	rs4591	NA	NA	NA	NA	rs2040113	0.429
rs4638873-rs62222207	ENSG00000156239.7	chr21	21	30246881	30245965	rs4638873	rs62222207	chr21:30246881	chr21:30245965	rs4638873	NA	NA	NA	NA	rs62222207	0.303
rs4818890-rs9976552	ENSG00000160223.12	chr21	21	45646256	45646131	rs4818890	rs9976552	chr21:45646256	chr21:45646131	rs4818890	NA	NA	NA	NA	rs9976552	0.279
rs4818975-rs1060564	ENSG00000184787.14	chr21	21	46191256	46191174	rs4818975	rs1060564	chr21:46191256	chr21:46191174	rs4818975	NA	NA	NA	NA	rs1060564	0.287
rs4819354-rs6518340	ENSG00000160216.14	chr21	21	45387008	45386559	rs4819354	rs6518340	chr21:45387008	chr21:45386559	rs4819354	NA	NA	NA	NA	rs6518340	0.246
rs4819387-rs4818890	ENSG00000160223.12	chr21	21	45647202	45646256	rs4819387	rs4818890	chr21:45647202	chr21:45646256	rs4819387	NA	NA	NA	NA	rs4818890	0.902
rs4919963-rs10595	ENSG00000160201.7	chr21	21	44517758	NA	rs4919963	rs10595	chr21:44517758	chr21:44324365	rs4919963	NA	NA	NA	NA	rs10595	0
rs56404428-rs11170	ENSG00000156256.10	chr21	21	30425212	NA	rs56404428	rs11170	chr21:30425212	chr21:30378090	rs56404428	NA	NA	NA	NA	rs11170	0.228
rs60406170-rs7281655	ENSG00000160193.7	chr21	21	44269860	44269743	rs60406170	rs7281655	chr21:44269860	chr21:44269743	rs60406170	NA	NA	NA	NA	rs7281655	0.014
rs61735765-rs62222240	ENSG00000156239.7	chr21	21	30255347	30248353	rs61735765	rs62222240	chr21:30255347	chr21:30248353	rs61735765	NA	NA	NA	NA	rs62222240	0.648
rs62222205-rs2065269	ENSG00000156239.7	chr21	21	30245718	30245374	rs62222205	rs2065269	chr21:30245718	chr21:30245374	rs62222205	NA	NA	NA	NA	rs2065269	1
rs62222206-rs62222205	ENSG00000156239.7	chr21	21	30245824	30245718	rs62222206	rs62222205	chr21:30245824	chr21:30245718	rs62222206	NA	NA	NA	NA	rs62222205	1
rs62222207-rs75122525	ENSG00000156239.7	chr21	21	30245965	30245894	rs62222207	rs75122525	chr21:30245965	chr21:30245894	rs62222207	NA	NA	NA	NA	rs75122525	1
rs62222237-rs4638873	ENSG00000156239.7	chr21	21	30247241	30246881	rs62222237	rs4638873	chr21:30247241	chr21:30246881	rs62222237	NA	NA	NA	NA	rs4638873	0.303
rs62222238-rs62222237	ENSG00000156239.7	chr21	21	30247533	30247241	rs62222238	rs62222237	chr21:30247533	chr21:30247241	rs62222238	NA	NA	NA	NA	rs62222237	1
rs62222239-rs62222238	ENSG00000156239.7	chr21	21	30247628	30247533	rs62222239	rs62222238	chr21:30247628	chr21:30247533	rs62222239	NA	NA	NA	NA	rs62222238	1
rs62222240-rs74686211	ENSG00000156239.7	chr21	21	30248353	30247894	rs62222240	rs74686211	chr21:30248353	chr21:30247894	rs62222240	NA	NA	NA	NA	rs74686211	1
rs6517529-rs1041439	ENSG00000185658.9	chr21	21	40584598	40571246	rs6517529	rs1041439	chr21:40584598	chr21:40571246	rs6517529	NA	NA	NA	NA	rs1041439	1
rs6518340-rs2000788	ENSG00000160216.14	chr21	21	45386559	45386033	rs6518340	rs2000788	chr21:45386559	chr21:45386033	rs6518340	NA	NA	NA	NA	rs2000788	0.181
rs6518342-rs4819354	ENSG00000160216.14	chr21	21	45387109	45387008	rs6518342	rs4819354	chr21:45387109	chr21:45387008	rs6518342	NA	NA	NA	NA	rs4819354	0.246
rs6579-rs1053966	ENSG00000182670.9	chr21	21	38568308	38568009	rs6579	rs1053966	chr21:38568308	chr21:38568009	rs6579	NA	NA	NA	NA	rs1053966	0.815
rs6586250-rs60406170	ENSG00000160193.7	chr21	21	44270229	44269860	rs6586250	rs60406170	chr21:44270229	chr21:44269860	rs6586250	NA	NA	NA	NA	rs60406170	0.014
rs7115-rs9976762	ENSG00000243927.1	chr21	21	35515117	35496764	rs7115	rs9976762	chr21:35515117	chr21:35496764	rs7115	NA	NA	NA	NA	rs9976762	0.031
rs7278544-rs7283236	ENSG00000183250.7	chr21	21	46353637	46353312	rs7278544	rs7283236	chr21:46353637	chr21:46353312	rs7278544	NA	NA	NA	NA	rs7283236	0.979
rs7278847-rs2230529	ENSG00000183250.7	chr21	21	46353125	NA	rs7278847	rs2230529	chr21:46353125	chr21:46313442	rs7278847	NA	NA	NA	NA	rs2230529	0.005
rs7281655-rs2156314	ENSG00000160193.7	chr21	21	44269743	44269654	rs7281655	rs2156314	chr21:44269743	chr21:44269654	rs7281655	NA	NA	NA	NA	rs2156314	0.157
rs7282201-rs7278544	ENSG00000183250.7	chr21	21	46353678	46353637	rs7282201	rs7278544	chr21:46353678	chr21:46353637	rs7282201	NA	NA	NA	NA	rs7278544	0.462
rs7283236-rs7278847	ENSG00000183250.7	chr21	21	46353312	46353125	rs7283236	rs7278847	chr21:46353312	chr21:46353125	rs7283236	NA	NA	NA	NA	rs7278847	0.958
rs73161764-rs3989369	ENSG00000154723.8	chr21	21	27097053	NA	rs73161764	rs3989369	chr21:27097053	chr21:26978950	rs73161764	NA	NA	NA	NA	rs3989369	0.006
rs7337-rs17229045	ENSG00000185808.9	chr21	21	38437763	38436944	rs7337	rs17229045	chr21:38437763	chr21:38436944	rs7337	NA	NA	NA	NA	rs17229045	0.097
rs74686211-rs76350217	ENSG00000156239.7	chr21	21	30247894	30247893	rs74686211	rs76350217	chr21:30247894	chr21:30247893	rs74686211	NA	NA	NA	NA	rs76350217	1
rs7499-rs1050351	ENSG00000173638.14	chr21	21	46932328	NA	rs7499	rs1050351	chr21:46932328	chr21:46929467	rs7499	NA	NA	NA	NA	rs1050351	0.841
rs75122525-rs62222206	ENSG00000156239.7	chr21	21	30245894	30245824	rs75122525	rs62222206	chr21:30245894	chr21:30245824	rs75122525	NA	NA	NA	NA	rs62222206	1
rs7520-rs8129993	ENSG00000242220.2	chr21	21	33949059	NA	rs7520	rs8129993	chr21:33949059	chr21:33641152	rs7520	NA	NA	NA	NA	rs8129993	0
rs7527-rs2838343	ENSG00000160209.14	chr21	21	45175958	NA	rs7527	rs2838343	chr21:45175958	chr21:45078035	rs7527	NA	NA	NA	NA	rs2838343	0.052
rs760432-rs8103	ENSG00000184787.14	chr21	21	46189652	46189230	rs760432	rs8103	chr21:46189652	chr21:46189230	rs760432	NA	NA	NA	NA	rs8103	1
rs76350217-rs2150395	ENSG00000156239.7	chr21	21	30247893	30247858	rs76350217	rs2150395	chr21:30247893	chr21:30247858	rs76350217	NA	NA	NA	NA	rs2150395	1
rs78234759-rs4591	ENSG00000241837.2	chr21	21	35284683	35281393	rs78234759	rs4591	chr21:35284683	chr21:35281393	rs78234759	NA	NA	NA	NA	rs4591	0.128
rs79299307-rs2298692	ENSG00000160226.11	chr21	21	45749141	NA	rs79299307	rs2298692	chr21:45749141	chr21:45741359	rs79299307	NA	NA	NA	NA	rs2298692	0.005
rs79419717-rs79299307	ENSG00000184787.14	chr21	21	46189094	NA	rs79419717	rs79299307	chr21:46189094	chr21:45749141	rs79419717	NA	NA	NA	NA	rs79299307	0.002
rs80246834-rs7282201	ENSG00000183250.7	chr21	21	46353743	46353678	rs80246834	rs7282201	chr21:46353743	chr21:46353678	rs80246834	NA	NA	NA	NA	rs7282201	0.024
rs8103-rs79419717	ENSG00000184787.14	chr21	21	46189230	46189094	rs8103	rs79419717	chr21:46189230	chr21:46189094	rs8103	NA	NA	NA	NA	rs79419717	0.045
rs8127072-rs2248490	ENSG00000160193.7	chr21	21	44299324	44293744	rs8127072	rs2248490	chr21:44299324	chr21:44293744	rs8127072	NA	NA	NA	NA	rs2248490	0.774
rs8129105-rs225309	ENSG00000160183.9	chr21	21	43803412	43792665	rs8129105	rs225309	chr21:43803412	chr21:43792665	rs8129105	NA	NA	NA	NA	rs225309	0.153
rs8129993-rs111620734	ENSG00000159055.3	chr21	21	33641152	NA	rs8129993	rs111620734	chr21:33641152	chr21:32492670	rs8129993	NA	NA	NA	NA	rs111620734	0
rs8178562-rs3171425	ENSG00000243646.4	chr21	21	34668976	34668747	rs8178562	rs3171425	chr21:34668976	chr21:34668747	rs8178562	NA	NA	NA	NA	rs3171425	0.156
rs868092-rs17114925	ENSG00000160185.9	chr21	21	43863521	43854985	rs868092	rs17114925	chr21:43863521	chr21:43854985	rs868092	NA	NA	NA	NA	rs17114925	0.074
rs914247-rs9717	ENSG00000160285.10	chr21	21	47609677	47609510	rs914247	rs9717	chr21:47609677	chr21:47609510	rs914247	NA	NA	NA	NA	rs9717	0.956
rs9622-rs7520	ENSG00000242220.2	chr21	21	33951068	33949059	rs9622	rs7520	chr21:33951068	chr21:33949059	rs9622	NA	NA	NA	NA	rs7520	0.263
rs9717-rs2968	ENSG00000160285.10	chr21	21	47609510	47608580	rs9717	rs2968	chr21:47609510	chr21:47608580	rs9717	NA	NA	NA	NA	rs2968	0.785
rs9808753-rs16997869	ENSG00000159128.10	chr21	21	34787312	NA	rs9808753	rs16997869	chr21:34787312	chr21:34696867	rs9808753	NA	NA	NA	NA	rs16997869	0.034
rs9974172-rs12483718	ENSG00000183250.7	chr21	21	46354055	46353949	rs9974172	rs12483718	chr21:46354055	chr21:46353949	rs9974172	NA	NA	NA	NA	rs12483718	0.061
rs9975738-rs2833955	ENSG00000159110.15	chr21	21	34602246	NA	rs9975738	rs2833955	chr21:34602246	chr21:34163431	rs9975738	NA	NA	NA	NA	rs2833955	0.005
rs9976552-rs1008537	ENSG00000160223.12	chr21	21	45646131	45646010	rs9976552	rs1008537	chr21:45646131	chr21:45646010	rs9976552	NA	NA	NA	NA	rs1008537	1
rs9976621-rs7337	ENSG00000182670.9	chr21	21	38454339	NA	rs9976621	rs7337	chr21:38454339	chr21:38437763	rs9976621	NA	NA	NA	NA	rs7337	0.453
rs9976762-rs9984245	ENSG00000243927.1	chr21	21	35496764	NA	rs9976762	rs9984245	chr21:35496764	chr21:35478063	rs9976762	NA	NA	NA	NA	rs9984245	0.298
rs9977232-rs9976621	ENSG00000182670.9	chr21	21	38454456	38454339	rs9977232	rs9976621	chr21:38454456	chr21:38454339	rs9977232	NA	NA	NA	NA	rs9976621	1
rs9980968-rs2254524	ENSG00000160285.10	chr21	21	47635627	47614469	rs9980968	rs2254524	chr21:47635627	chr21:47614469	rs9980968	NA	NA	NA	NA	rs2254524	0.391
rs9983960-rs1048546	ENSG00000156239.7	chr21	21	30244968	30244877	rs9983960	rs1048546	chr21:30244968	chr21:30244877	rs9983960	NA	NA	NA	NA	rs1048546	0.631
rs9984245-rs2244724	ENSG00000198743.5	chr21	21	35478063	35474410	rs9984245	rs2244724	chr21:35478063	chr21:35474410	rs9984245	NA	NA	NA	NA	rs2244724	0.1
