chr	chrN	geneID	pos	transcriptID	transcript_pos	SNP_id	genotype
chr20	20	ENSG00000088782.4	138125	ENST00000382388.3	15	rs2298108	0|1
chr20	20	ENSG00000088782.4	138148	ENST00000382388.3	38	rs2298109	0|1
chr20	20	ENSG00000088782.4	139456	ENST00000382388.3	117	rs12624954	0|1
chr20	20	ENSG00000088782.4	139576	ENST00000382388.3	237	rs16995685	0|1
chr20	20	ENSG00000177764.6	279483	ENST00000382352.3	535	rs1046560	0|1
chr20	20	ENSG00000177764.6	279774	ENST00000382352.3	826	rs1046561	0|1
chr20	20	ENSG00000125841.8	335225	ENST00000382291.3	1612	rs1001549	0|1
chr20	20	ENSG00000125841.8	335225	ENST00000608875.1	674	rs1001549	0|1
chr20	20	ENSG00000101255.6	371972	ENST00000217233.3	886	rs6051637	1|0
chr20	20	ENSG00000101255.6	377226	ENST00000217233.3	1522	rs6115830	1|0
chr20	20	ENSG00000101255.6	377810	ENST00000217233.3	2106	rs11537607	1|0
chr20	20	ENSG00000101255.6	371972	ENST00000449710.1	588	rs6051637	1|0
chr20	20	ENSG00000125826.15	391170	ENST00000475269.1	940	rs7059	0|1
chr20	20	ENSG00000125826.15	391170	ENST00000400245.3	786	rs7059	0|1
chr20	20	ENSG00000125826.15	391170	ENST00000400247.3	511	rs7059	0|1
chr20	20	ENSG00000125826.15	397928	ENST00000414880.1	207	rs6115906	0|1
chr20	20	ENSG00000125875.9	416149	ENST00000461188.1	5168	rs6695	0|1
chr20	20	ENSG00000125875.9	417612	ENST00000461188.1	3705	rs6052005	0|1
chr20	20	ENSG00000125875.9	418199	ENST00000461188.1	3118	rs3746793	0|1
chr20	20	ENSG00000125875.9	418199	ENST00000461304.1	1163	rs3746793	0|1
chr20	20	ENSG00000125875.9	416149	ENST00000461304.1	1744	rs6695	0|1
chr20	20	ENSG00000125875.9	416149	ENST00000354200.4	4186	rs6695	0|1
chr20	20	ENSG00000125875.9	417612	ENST00000354200.4	2723	rs6052005	0|1
chr20	20	ENSG00000125875.9	418199	ENST00000354200.4	2136	rs3746793	0|1
chr20	20	ENSG00000125875.9	417612	ENST00000494633.1	3133	rs6052005	0|1
chr20	20	ENSG00000125875.9	418199	ENST00000494633.1	2546	rs3746793	0|1
chr20	20	ENSG00000271303.1	628890	ENST00000381962.3	864	rs6053666	0|1
chr20	20	ENSG00000271303.1	629213	ENST00000381962.3	541	rs3746799	0|1
chr20	20	ENSG00000270299.1	628890	ENST00000488788.2	1033	rs6053666	0|1
chr20	20	ENSG00000270299.1	629213	ENST00000488788.2	710	rs3746799	0|1
chr20	20	ENSG00000215397.3	643677	ENST00000246104.6	1350	rs6116997	1|0
chr20	20	ENSG00000215397.3	643862	ENST00000246104.6	1165	rs79646638	1|0
chr20	20	ENSG00000215397.3	644093	ENST00000246104.6	934	rs117765732	1|0
chr20	20	ENSG00000101276.10	748974	ENST00000217254.7	156	rs1884637	1|0
chr20	20	ENSG00000101276.10	744450	ENST00000217254.7	1005	rs3746805	1|0
chr20	20	ENSG00000101276.10	748974	ENST00000381944.3	156	rs1884637	1|0
chr20	20	ENSG00000101276.10	744450	ENST00000381944.3	1005	rs3746805	1|0
chr20	20	ENSG00000101276.10	742217	ENST00000381944.3	1393	rs3746800	1|0
chr20	20	ENSG00000101276.10	748974	ENST00000488495.1	151	rs1884637	1|0
chr20	20	ENSG00000101280.6	860426	ENST00000381922.3	1118	rs61737018	0|1
chr20	20	ENSG00000101282.4	982796	ENST00000217260.4	107	rs150446609	0|1
chr20	20	ENSG00000101282.4	982892	ENST00000217260.4	11	rs6056520	0|1
chr20	20	ENSG00000101282.4	944702	ENST00000217260.4	566	rs41275604	0|1
chr20	20	ENSG00000101282.4	982796	ENST00000400634.2	110	rs150446609	0|1
chr20	20	ENSG00000101282.4	982892	ENST00000400634.2	14	rs6056520	0|1
chr20	20	ENSG00000125818.13	1146048	ENST00000335877.6	1187	rs17716261	0|1
chr20	20	ENSG00000125818.13	1146048	ENST00000484891.1	1056	rs17716261	0|1
chr20	20	ENSG00000215388.3	1141593	ENST00000431775.1	366	rs527359719	0|1
chr20	20	ENSG00000244588.1	1210647	ENST00000402452.1	241	rs450739	1|0
chr20	20	ENSG00000244588.1	1210647	ENST00000409241.1	217	rs450739	1|0
chr20	20	ENSG00000244588.1	1210647	ENST00000381882.2	217	rs450739	1|0
chr20	20	ENSG00000125775.10	1293247	ENST00000381808.3	492	rs2273959	1|0
chr20	20	ENSG00000125775.10	1292989	ENST00000381808.3	672	rs4814111	0|1
chr20	20	ENSG00000125775.10	1293247	ENST00000381812.1	681	rs2273959	1|0
chr20	20	ENSG00000125775.10	1292989	ENST00000381812.1	861	rs4814111	0|1
chr20	20	ENSG00000125775.10	1293247	ENST00000339987.3	601	rs2273959	1|0
chr20	20	ENSG00000125775.10	1292989	ENST00000339987.3	781	rs4814111	0|1
chr20	20	ENSG00000125775.10	1293247	ENST00000360779.3	716	rs2273959	1|0
chr20	20	ENSG00000125775.10	1292989	ENST00000360779.3	896	rs4814111	0|1
chr20	20	ENSG00000234684.2	1358272	ENST00000609470.1	1052	rs6041827	0|1
chr20	20	ENSG00000234684.2	1358517	ENST00000609470.1	1297	rs41280324	0|1
chr20	20	ENSG00000234684.2	1358751	ENST00000609470.1	1531	rs60669872	0|1
chr20	20	ENSG00000234684.2	1342026	ENST00000607947.1	559	rs912112	0|1
chr20	20	ENSG00000234684.2	1342187	ENST00000607947.1	720	rs912113	0|1
chr20	20	ENSG00000234684.2	1358272	ENST00000446423.1	1256	rs6041827	0|1
chr20	20	ENSG00000234684.2	1358517	ENST00000446423.1	1501	rs41280324	0|1
chr20	20	ENSG00000234684.2	1358751	ENST00000446423.1	1735	rs60669872	0|1
chr20	20	ENSG00000229728.1	1342481	ENST00000412497.1	216	rs733232	0|1
chr20	20	ENSG00000088832.10	1350508	ENST00000474657.1	485	rs11712	0|1
chr20	20	ENSG00000088832.10	1350672	ENST00000474657.1	321	rs6041749	0|1
chr20	20	ENSG00000088832.10	1350709	ENST00000474657.1	284	rs8392	0|1
chr20	20	ENSG00000088832.10	1350508	ENST00000400137.4	608	rs11712	0|1
chr20	20	ENSG00000088832.10	1350672	ENST00000400137.4	444	rs6041749	0|1
chr20	20	ENSG00000088832.10	1350709	ENST00000400137.4	407	rs8392	0|1
chr20	20	ENSG00000088832.10	1350508	ENST00000381724.3	564	rs11712	0|1
chr20	20	ENSG00000088832.10	1350672	ENST00000381724.3	400	rs6041749	0|1
chr20	20	ENSG00000088832.10	1350709	ENST00000381724.3	363	rs8392	0|1
chr20	20	ENSG00000088832.10	1350508	ENST00000460490.1	412	rs11712	0|1
chr20	20	ENSG00000088832.10	1350672	ENST00000460490.1	248	rs6041749	0|1
chr20	20	ENSG00000088832.10	1350709	ENST00000460490.1	211	rs8392	0|1
chr20	20	ENSG00000088832.10	1358751	ENST00000474726.1	66	rs60669872	0|1
chr20	20	ENSG00000088832.10	1350672	ENST00000474726.1	508	rs6041749	0|1
chr20	20	ENSG00000088832.10	1350709	ENST00000474726.1	471	rs8392	0|1
chr20	20	ENSG00000196209.8	1460969	ENST00000608747.1	111	rs573398867	0|1
chr20	20	ENSG00000242324.1	1502492	ENST00000453770.1	1148	rs2422606	0|1
chr20	20	ENSG00000242324.1	1497450	ENST00000453770.1	1673	rs2422585	0|1
chr20	20	ENSG00000242324.1	1497623	ENST00000453770.1	1500	rs8182997	0|1
chr20	20	ENSG00000125900.8	1539165	ENST00000381623.3	323	rs12480515	0|1
chr20	20	ENSG00000125900.8	1539444	ENST00000381623.3	44	rs6105334	0|1
chr20	20	ENSG00000260861.2	1559101	ENST00000567028.1	348	rs41275422	0|1
chr20	20	ENSG00000260861.2	1559330	ENST00000567028.1	119	rs199835818	0|1
chr20	20	ENSG00000260861.2	1559101	ENST00000564763.1	379	rs41275422	0|1
chr20	20	ENSG00000260861.2	1559330	ENST00000564763.1	150	rs199835818	0|1
chr20	20	ENSG00000101307.11	1559101	ENST00000381605.4	379	rs41275422	0|1
chr20	20	ENSG00000101307.11	1559330	ENST00000381605.4	150	rs199835818	0|1
chr20	20	ENSG00000101307.11	1544469	ENST00000381605.4	2827	rs1142198	1|0
chr20	20	ENSG00000101307.11	1559101	ENST00000381603.3	366	rs41275422	0|1
chr20	20	ENSG00000101307.11	1559330	ENST00000381603.3	137	rs199835818	0|1
chr20	20	ENSG00000101307.11	1559101	ENST00000563840.1	426	rs41275422	0|1
chr20	20	ENSG00000101307.11	1559330	ENST00000563840.1	197	rs199835818	0|1
chr20	20	ENSG00000101307.11	1559101	ENST00000565775.1	431	rs41275422	0|1
chr20	20	ENSG00000101307.11	1559330	ENST00000565775.1	202	rs199835818	0|1
chr20	20	ENSG00000089012.10	1610062	ENST00000478145.2	446	rs1048055	0|1
chr20	20	ENSG00000089012.10	1610062	ENST00000381580.1	1386	rs1048055	0|1
chr20	20	ENSG00000089012.10	1610062	ENST00000344103.4	696	rs1048055	0|1
chr20	20	ENSG00000089012.10	1610062	ENST00000303415.3	1370	rs1048055	0|1
chr20	20	ENSG00000223750.1	1688813	ENST00000340424.4	32	rs513119	0|1
chr20	20	ENSG00000223750.1	1688844	ENST00000340424.4	1	rs513201	0|1
chr20	20	ENSG00000234282.1	1702792	ENST00000455216.1	390	rs202510	0|1
chr20	20	ENSG00000234282.1	1703106	ENST00000455216.1	76	rs202511	0|1
chr20	20	ENSG00000234282.1	1703134	ENST00000455216.1	48	rs202512	0|1
chr20	20	ENSG00000271461.1	1738271	ENST00000603520.1	1314	rs12625663	1|0
chr20	20	ENSG00000271461.1	1739118	ENST00000603520.1	467	rs642543	0|1
chr20	20	ENSG00000232528.3	1759398	ENST00000418979.2	429	rs202555	0|1
chr20	20	ENSG00000232528.3	1759398	ENST00000458670.1	180	rs202555	0|1
chr20	20	ENSG00000198053.7	1918143	ENST00000400068.3	1396	rs41278990	0|1
chr20	20	ENSG00000198053.7	1918143	ENST00000356025.3	1388	rs41278990	0|1
chr20	20	ENSG00000198053.7	1918143	ENST00000358771.4	1517	rs41278990	0|1
chr20	20	ENSG00000226644.1	2187943	ENST00000447956.1	81	rs6137325	1|0
chr20	20	ENSG00000226644.1	2187944	ENST00000447956.1	82	rs6137326	1|0
chr20	20	ENSG00000226644.1	2187943	ENST00000411839.1	71	rs6137325	1|0
chr20	20	ENSG00000226644.1	2187944	ENST00000411839.1	72	rs6137326	1|0
chr20	20	ENSG00000125780.11	2321105	ENST00000381458.5	2016	rs214830	0|1
chr20	20	ENSG00000125780.11	2321363	ENST00000381458.5	2274	rs214831	0|1
chr20	20	ENSG00000125780.11	2321665	ENST00000381458.5	2576	rs214832	0|1
chr20	20	ENSG00000256566.1	2489531	ENST00000461548.1	21	rs6138281	1|0
chr20	20	ENSG00000088876.7	2489531	ENST00000278772.4	246	rs6138281	1|0
chr20	20	ENSG00000088876.7	2505128	ENST00000445484.1	219	rs7266414	0|1
chr20	20	ENSG00000088876.7	2505157	ENST00000445484.1	190	rs7266421	0|1
chr20	20	ENSG00000088876.7	2489531	ENST00000381253.1	29	rs6138281	1|0
chr20	20	ENSG00000088876.7	2489531	ENST00000421216.1	15	rs6138281	1|0
chr20	20	ENSG00000149488.11	2539400	ENST00000358864.1	362	rs144059878	1|0
chr20	20	ENSG00000101361.10	2632976	ENST00000329276.5	186	rs6083954	0|1
chr20	20	ENSG00000101361.10	2633114	ENST00000329276.5	324	rs6083956	0|1
chr20	20	ENSG00000101361.10	2633132	ENST00000329276.5	342	rs2073195	0|1
chr20	20	ENSG00000101361.10	2633234	ENST00000329276.5	444	rs6115305	0|1
chr20	20	ENSG00000101361.10	2633244	ENST00000329276.5	454	rs4815467	0|1
chr20	20	ENSG00000101361.10	2633936	ENST00000329276.5	618	rs2073194	0|1
chr20	20	ENSG00000101361.10	2637071	ENST00000329276.5	1548	rs8958	0|1
chr20	20	ENSG00000101361.10	2633936	ENST00000494697.1	134	rs2073194	0|1
chr20	20	ENSG00000101361.10	2633936	ENST00000470143.1	133	rs2073194	0|1
chr20	20	ENSG00000101361.10	2633404	ENST00000469588.1	113	rs6115307	0|1
chr20	20	ENSG00000101361.10	2633936	ENST00000469588.1	298	rs2073194	0|1
chr20	20	ENSG00000101361.10	2633936	ENST00000445139.1	114	rs2073194	0|1
chr20	20	ENSG00000101361.10	2633936	ENST00000460258.1	185	rs2073194	0|1
chr20	20	ENSG00000101361.10	2637071	ENST00000480992.1	805	rs8958	0|1
chr20	20	ENSG00000101361.10	2637071	ENST00000484998.1	874	rs8958	0|1
chr20	20	ENSG00000101361.10	2637071	ENST00000467196.1	355	rs8958	0|1
chr20	20	ENSG00000101361.10	2637071	ENST00000415272.1	257	rs8958	0|1
chr20	20	ENSG00000101361.10	2637071	ENST00000492135.1	294	rs8958	0|1
chr20	20	ENSG00000101361.10	2637071	ENST00000466447.1	129	rs8958	0|1
chr20	20	ENSG00000101361.10	2637071	ENST00000480447.1	267	rs8958	0|1
chr20	20	ENSG00000101361.10	2637071	ENST00000490753.1	25	rs8958	0|1
chr20	20	ENSG00000101361.10	2637071	ENST00000471023.1	16	rs8958	0|1
chr20	20	ENSG00000228293.1	2645199	ENST00000418739.1	202	rs6138735	0|1
chr20	20	ENSG00000198326.8	2799897	ENST00000361033.1	2778	rs58625759	0|1
chr20	20	ENSG00000198326.8	2800848	ENST00000361033.1	3729	rs73077077	0|1
chr20	20	ENSG00000198326.8	2797015	ENST00000380585.1	37	rs215561	1|0
chr20	20	ENSG00000132670.16	3007800	ENST00000380393.3	2355	rs201796609	0|1
chr20	20	ENSG00000132670.16	3007800	ENST00000216877.6	2042	rs201796609	0|1
chr20	20	ENSG00000132670.16	3007800	ENST00000318266.5	1938	rs201796609	0|1
chr20	20	ENSG00000132670.16	3007800	ENST00000356147.3	1860	rs201796609	0|1
chr20	20	ENSG00000125901.5	3028711	ENST00000380325.3	726	rs1100	0|1
chr20	20	ENSG00000235958.1	3087576	ENST00000446537.1	18	rs17255260	1|0
chr20	20	ENSG00000235958.1	3088010	ENST00000446537.1	452	rs864140	0|1
chr20	20	ENSG00000235958.1	3090124	ENST00000446537.1	663	rs913555	1|0
chr20	20	ENSG00000235958.1	3090942	ENST00000446537.1	954	rs34205880	1|0
chr20	20	ENSG00000235958.1	3090969	ENST00000446537.1	981	rs45482595	1|0
chr20	20	ENSG00000235958.1	3131247	ENST00000446537.1	1526	rs41304822	1|0
chr20	20	ENSG00000185019.12	3088938	ENST00000217173.2	3704	rs41281238	1|0
chr20	20	ENSG00000185019.12	3090124	ENST00000217173.2	2518	rs913555	1|0
chr20	20	ENSG00000185019.12	3088938	ENST00000348031.2	3542	rs41281238	1|0
chr20	20	ENSG00000185019.12	3090124	ENST00000348031.2	2356	rs913555	1|0
chr20	20	ENSG00000088899.10	3143752	ENST00000329152.3	4070	rs3087802	1|0
chr20	20	ENSG00000088899.10	3143752	ENST00000360342.3	2868	rs3087802	1|0
chr20	20	ENSG00000125877.8	3193842	ENST00000483354.1	194	rs1127354	1|0
chr20	20	ENSG00000125877.8	3193842	ENST00000460676.1	164	rs1127354	1|0
chr20	20	ENSG00000125877.8	3190039	ENST00000380113.3	34	rs45620433	0|1
chr20	20	ENSG00000125877.8	3193842	ENST00000380113.3	220	rs1127354	1|0
chr20	20	ENSG00000125877.8	3193842	ENST00000455664.2	67	rs1127354	1|0
chr20	20	ENSG00000125877.8	3193842	ENST00000460550.1	133	rs1127354	1|0
chr20	20	ENSG00000088836.8	3211064	ENST00000470631.1	141	rs3810561	0|1
chr20	20	ENSG00000088854.11	3232099	ENST00000252032.9	4609	rs8774	0|1
chr20	20	ENSG00000088812.13	3515924	ENST00000262919.5	93	rs151518	0|1
chr20	20	ENSG00000088812.13	3515951	ENST00000262919.5	120	rs151519	0|1
chr20	20	ENSG00000088812.13	3564672	ENST00000262919.5	2550	rs235540	1|0
chr20	20	ENSG00000088812.13	3565431	ENST00000262919.5	2746	rs550713510	0|1
chr20	20	ENSG00000088812.13	3624830	ENST00000262919.5	3738	rs2246808	1|0
chr20	20	ENSG00000088812.13	3624848	ENST00000262919.5	3756	rs34398666	0|1
chr20	20	ENSG00000088812.13	3628312	ENST00000262919.5	4766	rs1064833	1|0
chr20	20	ENSG00000088812.13	3628918	ENST00000262919.5	5372	rs434222	1|0
chr20	20	ENSG00000088812.13	3629254	ENST00000262919.5	5708	rs2250106	1|0
chr20	20	ENSG00000088812.13	3630107	ENST00000262919.5	6561	rs2595582	1|0
chr20	20	ENSG00000088812.13	3630249	ENST00000262919.5	6703	rs432647	1|0
chr20	20	ENSG00000088812.13	3630563	ENST00000262919.5	7017	rs641362	1|0
chr20	20	ENSG00000088812.13	3630681	ENST00000262919.5	7135	rs12930	1|0
chr20	20	ENSG00000088812.13	3631558	ENST00000262919.5	8012	rs439442	1|0
chr20	20	ENSG00000088812.13	3515924	ENST00000446916.2	435	rs151518	0|1
chr20	20	ENSG00000088812.13	3515951	ENST00000446916.2	462	rs151519	0|1
chr20	20	ENSG00000088812.13	3564672	ENST00000446916.2	2892	rs235540	1|0
chr20	20	ENSG00000088812.13	3565431	ENST00000446916.2	3088	rs550713510	0|1
chr20	20	ENSG00000149451.13	3653709	ENST00000466620.1	607	rs2280094	0|1
chr20	20	ENSG00000149451.13	3653886	ENST00000466620.1	430	rs73608188	1|0
chr20	20	ENSG00000149451.13	3649431	ENST00000466620.1	2180	rs677044	0|1
chr20	20	ENSG00000149451.13	3651165	ENST00000483362.1	106	rs597980	1|0
chr20	20	ENSG00000149451.13	3651226	ENST00000483362.1	45	rs44707	1|0
chr20	20	ENSG00000149451.13	3651269	ENST00000483362.1	2	rs598418	1|0
chr20	20	ENSG00000149451.13	3649431	ENST00000483362.1	1542	rs677044	0|1
chr20	20	ENSG00000149451.13	3655219	ENST00000356518.2	772	rs3918392	1|0
chr20	20	ENSG00000149451.13	3649431	ENST00000356518.2	2826	rs677044	0|1
chr20	20	ENSG00000149451.13	3655219	ENST00000379861.4	772	rs3918392	1|0
chr20	20	ENSG00000149451.13	3649431	ENST00000379861.4	2826	rs677044	0|1
chr20	20	ENSG00000088827.8	3672836	ENST00000419548.1	482	rs910653	0|1
chr20	20	ENSG00000088827.8	3667825	ENST00000419548.1	3760	rs1046919	1|0
chr20	20	ENSG00000088827.8	3670061	ENST00000419548.1	1524	rs3746634	0|1
chr20	20	ENSG00000088827.8	3686512	ENST00000344754.4	583	rs6052021	0|1
chr20	20	ENSG00000088827.8	3682149	ENST00000344754.4	1366	rs13037869	0|1
chr20	20	ENSG00000088827.8	3672836	ENST00000344754.4	4042	rs910653	0|1
chr20	20	ENSG00000088827.8	3667825	ENST00000344754.4	6453	rs1046919	1|0
chr20	20	ENSG00000132622.6	3732633	ENST00000254963.2	1983	rs541760	1|0
chr20	20	ENSG00000132622.6	3733487	ENST00000254963.2	2837	rs3088007	0|1
chr20	20	ENSG00000132622.6	3732633	ENST00000399701.1	1876	rs541760	1|0
chr20	20	ENSG00000132622.6	3733487	ENST00000399701.1	2730	rs3088007	0|1
chr20	20	ENSG00000101220.13	3748775	ENST00000379772.3	258	rs111383129	0|1
chr20	20	ENSG00000101220.13	3748945	ENST00000379772.3	88	rs3761212	0|1
chr20	20	ENSG00000101220.13	3748962	ENST00000379772.3	71	rs539050	1|0
